-- phpMyAdmin SQL Dump
-- version 5.0.3
-- https://www.phpmyadmin.net/
--
-- Servidor: 127.0.0.1
-- Tiempo de generación: 22-11-2020 a las 01:44:21
-- Versión del servidor: 10.4.14-MariaDB
-- Versión de PHP: 7.2.34

SET SQL_MODE = "NO_AUTO_VALUE_ON_ZERO";
START TRANSACTION;
SET time_zone = "+00:00";


/*!40101 SET @OLD_CHARACTER_SET_CLIENT=@@CHARACTER_SET_CLIENT */;
/*!40101 SET @OLD_CHARACTER_SET_RESULTS=@@CHARACTER_SET_RESULTS */;
/*!40101 SET @OLD_COLLATION_CONNECTION=@@COLLATION_CONNECTION */;
/*!40101 SET NAMES utf8mb4 */;

--
-- Base de datos: `sorteogane`
--
CREATE DATABASE IF NOT EXISTS `sorteogane2` DEFAULT CHARACTER SET utf8mb4 COLLATE utf8mb4_general_ci;
USE `sorteogane2`;

-- --------------------------------------------------------

--
-- Estructura de tabla para la tabla `asesores`
--

CREATE TABLE `asesores` (
  `cedula` int(15) NOT NULL,
  `nombres` varchar(45) NOT NULL,
  `apellidos` varchar(45) NOT NULL,
  `estado` varchar(10) NOT NULL
) ENGINE=InnoDB DEFAULT CHARSET=utf8mb4;

--
-- Volcado de datos para la tabla `asesores`
--

INSERT INTO `asesores` (`cedula`, `nombres`, `apellidos`, `estado`) VALUES
(2001, 'CASIMIRO', 'GARCIA DEMO', 'activo'),
(759780, 'STEPHANY CAROLINE', 'VARGAS AZUAJE', 'activo'),
(3340064, 'OSCAR DE JESUS', 'TOBON GARCIA', 'activo'),
(4578232, 'TARCISIO', 'GOMEZ GOMEZ', 'activo'),
(5354122, 'JOSE FRANCISCO', 'SOLANO MUNOZ', 'activo'),
(6018057, 'EDISON', 'AGUIRRE GUALTERO', 'activo'),
(6089637, 'LUIS ANTONIO', 'GRANADA GUTIERREZ', 'activo'),
(6089860, 'JESUS ANTONIO', 'QUIJANO ', 'activo'),
(6331794, 'HERNANDO', 'AYALA BONILLA', 'activo'),
(6332040, 'MARINO', 'ROLDAN ', 'activo'),
(6340204, 'JEREMIAS', 'ESPANA ', 'activo'),
(6340702, 'CRISTOBAL', 'SOSSA VERA', 'activo'),
(6342949, 'CRISTIAN ANDRES', 'RIVERA DIAZ', 'activo'),
(6343869, 'FRANCISCO', 'RIVERA DIAZ', 'activo'),
(6344590, 'MARCO TULIO', 'RIANOS PORTILLO', 'activo'),
(6345698, 'JAMES', 'MOTATO PEREA', 'activo'),
(6345983, 'FABIO GONZALO', 'GARCIA SANCHEZ', 'activo'),
(6423377, 'DIEGO FERNANDO', 'CEBALLOS LOPEZ', 'activo'),
(10443523, 'YUNEIRA NINOSKA', 'PETIT BRICENO', 'activo'),
(11261521, 'OLGA MARIS', 'SANABRIA ', 'activo'),
(12181581, 'JULIAN ALBERTO', 'ORDONEZ ORDONEZ', 'activo'),
(12980407, 'HECTOR EFRAIN', 'ORDONEZ ESPANA', 'activo'),
(14577238, 'ROSEMBERTH', 'ALBAN ALBAN', 'activo'),
(14675027, 'LUIS ENRIQUE', 'MORENO ', 'activo'),
(14845060, 'JOSE MIGUEL', 'FRANCO RIVERA', 'activo'),
(14962807, 'JOSE HERNAN', 'URBANO ', 'activo'),
(14999055, 'CARLOS JOSE', 'ORTIZ SANCHEZ', 'activo'),
(15373979, 'YOYSMAR RESEMARY', 'PACHECO SILVA', 'activo'),
(15643689, 'BEATRIZ JAQUELINE', 'CASTILLO RIERA', 'activo'),
(15904610, 'DUVAN', 'GUTIERREZ LOAIZA', 'activo'),
(15912526, 'HERNANDO DE JESUS', 'BALLESTEROS ESTRADA', 'activo'),
(16263936, 'HERNANDO', 'OSSA RAMIREZ', 'activo'),
(16359137, 'JOSE AGUSTIN', 'MOGOLLON ISAZA', 'activo'),
(16450021, 'COSME DAMIAN', 'RAMIREZ PALMA', 'activo'),
(16466684, 'EDUARDO', 'DIAZ MUNOZ', 'activo'),
(16598824, 'JUAN PIO', 'PRECIADO ', 'activo'),
(16671854, 'ALBERTO', 'ZAPATA ', 'activo'),
(16709617, 'JAVIER ALONSO', 'RAMOS CASTRO', 'activo'),
(16745855, 'JOSE PRIMITIVO', 'MENESES ', 'activo'),
(16769754, 'JHON MARIO', 'SERNA CARDONA', 'activo'),
(16820784, 'JOSE ANCIZAR', 'GARCES GARCIA', 'activo'),
(16824524, 'LUIS ERNESTO', 'HIDALGO COLLAZOS', 'activo'),
(16843927, 'HECTOR FABIO', 'RAMIREZ ESCOBAR', 'activo'),
(16931833, 'JAVIER MAURICIO', 'CASTANO ANASCO', 'activo'),
(19159616, 'JOSE', 'OCHOA BUSTAMANTE', 'activo'),
(19524819, 'LIDYS ALEJANDRA', 'SALVATIERRA LOPEZ', 'activo'),
(19982996, 'RAIBELYS DALIANA', 'PEREZ VELAZQUEZ', 'activo'),
(20082273, 'DANILETH JULIANA', 'HERNANDEZ BARRIOS', 'activo'),
(20641402, 'EDYMAR LUCIA', 'DELGADO CABEZA', 'activo'),
(22342706, 'CESAR JOSE', 'VALERA VIVAS', 'activo'),
(23137276, 'YULEISY LEONOR', 'MARTINEZ CORREA', 'activo'),
(24575925, 'GLORIA INES', 'CANO MOLINA', 'activo'),
(25100168, 'IDALBA', 'GUTIERREZ NORENA', 'activo'),
(25263514, 'MARIANA OLIVA', 'ARCOS ORTIZ', 'activo'),
(25305457, 'MARIA TERESA', 'MUNOZ MENESES', 'activo'),
(25305519, 'NIDIA', 'GOMEZ CHITO', 'activo'),
(25363989, 'NANCY', 'LOPEZ CAMPO', 'activo'),
(25618830, 'DEYCI YADIRA', 'URBINA GUACAN', 'activo'),
(26559011, 'AMINTA', 'PERDOMO PASCUAS', 'activo'),
(27333491, 'YULLI ELIZABETH', 'SOLARTE BASTIDAS', 'activo'),
(28976945, 'JAEL', 'LAZZO GUZMAN', 'activo'),
(29109948, 'ANGELA MARIA', 'MUNOZ LONDONO', 'activo'),
(29115925, 'JULETH STELLA', 'CANAVERAL SOLANO', 'activo'),
(29116122, 'PAOLA ANDREA', 'MUNOZ ZAPATA', 'activo'),
(29117852, 'GLORIA MERCEDES', 'TENORIO CARDONA', 'activo'),
(29324930, 'CARMELINA', 'MUNOZ PAZ', 'activo'),
(29400428, 'MYRIAM', 'TORO TORRES', 'activo'),
(29434913, 'XIMENA', 'MUNOZ VALENCIA', 'activo'),
(29567628, 'HELZENITH', 'MAMBUSCAY OIDOR', 'activo'),
(29568583, 'CENEIDA', 'ARAGON SIERRA', 'activo'),
(29577481, 'DIOCELINA', 'CAMAYO SALINAS', 'activo'),
(29581746, 'MARTHA CECILIA', 'NOGUERA ZU?IGA', 'activo'),
(29581779, 'MARIA MERCEDES', 'PRADO ', 'activo'),
(29582652, 'LIDA MERY', 'LLANTEN HURTADO', 'activo'),
(29582980, 'CLAUDIA ANDREA', 'MONCAYO MALES', 'activo'),
(29583138, 'FRANCY', 'BOTINA CHICUNQUE', 'activo'),
(29583505, 'DEYCY KATERINE', 'VELEZ LUNA', 'activo'),
(29583747, 'KARENT INDRE', 'LUGO LLANTEN', 'activo'),
(29588498, 'DOLORES ELVIRA', 'RESTREPO CUELLAR', 'activo'),
(29590761, 'ALBA LEONOR', 'TORRES GUTIERREZ', 'activo'),
(29706484, 'XIMENA', 'ORTIZ PANIAGUA', 'activo'),
(29739819, 'CENAIDA', 'NARVAEZ ORTEGA', 'activo'),
(29939072, 'MABEL', 'MONTOYA ORTIZ', 'activo'),
(29939568, 'YOLANDA', 'ORTIZ CUERO', 'activo'),
(29939692, 'MARLENY', 'MARTINEZ LOPEZ', 'activo'),
(29939725, 'EDNA SOCORRO', 'BARRERA HERRERA', 'activo'),
(29939914, 'LUZ BELLY', 'VALDERRAMA SALINAS', 'activo'),
(29939960, 'MARIA ANGELICA', 'ARIAS GIRALDO', 'activo'),
(29939992, 'NANCY', 'CEBALLOS CEBALLOS', 'activo'),
(29940559, 'MARIA SANDRA', 'ROJAS FRANCO', 'activo'),
(29940640, 'BEATRIZ ELENA', 'VALENCIA MARIN', 'activo'),
(29972686, 'CLARA INES', 'VERGARA PUENTE', 'activo'),
(29974866, 'DIANA XIMENA', 'CAMACHO CASTANEDA', 'activo'),
(29974963, 'ADRIANA MARIA', 'FIGUEROA SOTO', 'activo'),
(29975371, 'JAZMIN', 'PARRA SILVESTRE', 'activo'),
(29978450, 'GLORIA MARINA', 'NOGUERA AVILES', 'activo'),
(30325135, 'MARIA INES', 'MEZA MONTOYA', 'activo'),
(31096304, 'LUZ MIRYAN', 'GARCIA LOPEZ', 'activo'),
(31176012, 'MARIA EUGENIA', 'MOTATO MENDOZA', 'activo'),
(31187300, 'LUZ ALBA', 'LOPEZ SANCHEZ', 'activo'),
(31206644, 'TULIA INES', 'CERON LOAIZA', 'activo'),
(31239727, 'OLGA MERCEDES', 'MANQUILLO ', 'activo'),
(31253205, 'DORIS', 'MERA GUECHE', 'activo'),
(31259206, 'GLORIA LEYDA', 'SOLARTE BURBANO', 'activo'),
(31287726, 'MARTHA HILDA', 'BASANTE ROSERO', 'activo'),
(31305265, 'LILIANA', 'TORO GARCIA', 'activo'),
(31307182, 'VIVIANA', 'FLORIAN CABRERA', 'activo'),
(31307215, 'MARIA ELENA', 'FERNANDEZ BENITEZ', 'activo'),
(31321246, 'KATHERINE', 'NOVOA SEPULVEDA', 'activo'),
(31375421, 'BLANCA NUBIA', 'ROJAS PATINO', 'activo'),
(31419864, 'GLADIS ELENA', 'LONDONO ARTEAGA', 'activo'),
(31426289, 'GLORIA SIRLEY', 'PEREZ LOPEZ', 'activo'),
(31446072, 'LUZ HELENA', 'DESCANCE MONTANO', 'activo'),
(31446075, 'SANDRA XIMENA', 'LASSO ORTIZ', 'activo'),
(31446160, 'LIGIA', 'DUQUE DAZA', 'activo'),
(31448561, 'YHOR MARY', 'GUERRERO DOMINGUEZ', 'activo'),
(31449517, 'AMANDA', 'ROJAS BALANTA', 'activo'),
(31465743, 'MARINA', 'LOPEZ CHOCUE', 'activo'),
(31467721, 'ARACELLY', 'PULIDO ', 'activo'),
(31467740, 'DORA ELBA', 'CERON DE LA CRUZ', 'activo'),
(31470195, 'FRANCIA ELENA', 'ALVAREZ LEIVA', 'activo'),
(31470541, 'FLOR MYRIAM', 'CHAVEZ FORONDA', 'activo'),
(31471863, 'NUBIA', 'NARVAEZ ORTIZ', 'activo'),
(31471953, 'MARIELA', 'SANCHEZ OREJUELA', 'activo'),
(31472558, 'YOLANDA', 'PRADO ', 'activo'),
(31472593, 'EDILMA', 'GOMEZ URBANO', 'activo'),
(31472774, 'ANGELA ROSA', 'BARONA NARVAEZ', 'activo'),
(31472806, 'FLORENCIA', 'HOLGUIN DAZA', 'activo'),
(31472979, 'MARIA RUBY', 'GRAJALES CARVAJAL', 'activo'),
(31473464, 'PATRICIA', 'QUINTERO MAZUERA', 'activo'),
(31476793, 'ADRIANA', 'ORTIZ URBANO', 'activo'),
(31476856, 'MILLERET', 'IDROBO ', 'activo'),
(31477050, 'PATRICIA', 'BONILLA ', 'activo'),
(31477074, 'MARTHA LUCIA', 'GARCIA MARTINEZ', 'activo'),
(31478141, 'ERICA MARITZA', 'MUNOZ RODRIGUEZ', 'activo'),
(31478901, 'GLORIETH XIMENA', 'BERRUECOS ROJAS', 'activo'),
(31479210, 'SANDRA MILENA', 'QUINTANA CUBILLOS', 'activo'),
(31479346, 'CENEIDA', 'ORTIZ OSORIO', 'activo'),
(31479837, 'SOFIA', 'CORDOBA HENAO', 'activo'),
(31480004, 'OLGA LUCIA', 'VASQUEZ MUNOZ', 'activo'),
(31480069, 'LILIANA', 'BENAVIDES GONZALEZ', 'activo'),
(31480178, 'MARIA MONICA', 'LONDONO GUERRERO', 'inactivo'),
(31480786, 'LISETH', 'VARGAS VARGAS', 'activo'),
(31481203, 'LUCELLY', 'ACEVEDO LOPEZ', 'activo'),
(31481845, 'MONICA', 'MOSQUERA SOLIS', 'activo'),
(31483147, 'ANA LUCIA', 'GONZALEZ JOJOA', 'activo'),
(31483384, 'LIZETH', 'MAUNA ', 'activo'),
(31483782, 'DOLLY', 'GARCIA VIVAS', 'activo'),
(31484024, 'JACKELINE', 'MUNOZ ', 'activo'),
(31484705, 'ROSAURA', 'MARIN ARISTIZABAL', 'activo'),
(31484859, 'ADRIANA MARIA', 'TORRES SUAZA', 'activo'),
(31484986, 'CLARIBEL', 'VALLEJO ARANZAZU', 'activo'),
(31485279, 'MARIA CRISTINA', 'GONZALEZ JOJOA', 'activo'),
(31485558, 'JACKELINE', 'GUACHETA QUILINDO', 'activo'),
(31485706, 'LILIAN GISELLE', 'MENESES ROMERO', 'activo'),
(31485849, 'JENNY ALEJANDRA', 'DUQUE ', 'activo'),
(31487985, 'MARIA EUGENIA', 'SANCHEZ CARDONA', 'activo'),
(31488762, 'KORAIMA', 'VALLEJO PEREZ', 'activo'),
(31520498, 'LUZ MERY', 'PRIETO GARZON', 'activo'),
(31521997, 'ROSALBA', 'MUNOZ MARTINEZ', 'activo'),
(31523454, 'ELIZABETH', 'VELASCO MOSQUERA', 'activo'),
(31524702, 'LUZ DARY', 'GUERRERO NAVARRO', 'activo'),
(31525922, 'LIBIA LILIANA', 'BONILLA SANCHEZ', 'activo'),
(31526727, 'ESTHER JULIA', 'LOPEZ MU?OZ', 'activo'),
(31526956, 'ESMERALDA', 'CASTANO URIBE', 'activo'),
(31529165, 'MARTHA LILIANA', 'COLLAZOS MARTINEZ', 'activo'),
(31529537, 'MARIA NORBI', 'VALENCIA ', 'activo'),
(31529637, 'SANTA PATRICIA', 'BONILLA SIERRA', 'activo'),
(31529715, 'ZANDRA', 'VELASCO MOSQUERA', 'activo'),
(31530942, 'DOMICELA', 'MARTINEZ BALANTA', 'activo'),
(31531235, 'JANETH', 'GARCIA AGUILAR', 'activo'),
(31531492, 'ELIZABETH', 'ALEGRIA ZUNIGA', 'activo'),
(31531716, 'ROSARIO', 'RODRIGUEZ RAMIREZ', 'activo'),
(31532232, 'LUZ DARY', 'BERMUDEZ OCHOA', 'activo'),
(31532864, 'YINETH', 'VIAFARA LARRAHONDO', 'inactivo'),
(31534584, 'CLARISA', 'CARDENAS PESCADOR', 'activo'),
(31534623, 'TANIA INES', 'BALANTA RAMOS', 'activo'),
(31538070, 'EVELINA', 'BONILLA GOMEZ', 'activo'),
(31538127, 'FABIOLA', 'TAMAYO BALANTA', 'activo'),
(31539809, 'LUZ AMADIS', 'PARADA QUINONES', 'activo'),
(31571035, 'GEOVANNA', 'CASTRO TABARES', 'activo'),
(31713261, 'DIANA MARYURI', 'GONZALEZ PORTILLA', 'activo'),
(31725030, 'LUZ EYDA', 'SATIZABAL BERMUDEZ', 'activo'),
(31790901, 'RAQUEL JACKELINE', 'GOYES BASTIDAS', 'activo'),
(31839600, 'LISETH', 'MURILLO REYES', 'activo'),
(31848408, 'MARIA ELENA', 'SANDOVAL ', 'inactivo'),
(31868794, 'MARTHA LUCIA', 'CASTANO RAMIREZ', 'activo'),
(31878200, 'SIDNEY', 'ARAGON USUGA', 'activo'),
(31940983, 'CLELIA EDILMA', 'VIVAS QUINTERO', 'activo'),
(31945823, 'NIDIA', 'MARTINEZ VARELA', 'activo'),
(31946481, 'LUZ MARINA', 'SANCHEZ ROSALES', 'activo'),
(31959972, 'MARIA ROMELIA', 'VALENCIA TORO', 'activo'),
(31964307, 'JUDITH', 'RIVERA GIL', 'activo'),
(31967533, 'DOILE', 'SALAZAR GUTIERREZ', 'activo'),
(31969836, 'LIBIA', 'COAJI YAIMA', 'activo'),
(31979502, 'MARTHA CECILIA', 'SAMUEL ', 'activo'),
(31992725, 'DEYSI', 'BARONA CUENCA', 'activo'),
(31993633, 'LUZ DARY', 'VALENCIA HERNANDEZ', 'activo'),
(31996513, 'FABIOLA', 'MOSQUERA BUSTAMANTE', 'activo'),
(33750183, 'MIRIAM ELVIRA', 'RIOS FRANCO', 'activo'),
(34551003, 'MERCI RUBIELA', 'MEDINA GUACHETA', 'activo'),
(34609571, 'FAISULY', 'CAICEDO CHARA', 'activo'),
(34637670, 'OMAIRA', 'MUNOZ ZUNIGA', 'activo'),
(34673866, 'JACKELINE', 'ORTIZ JIMENEZ', 'activo'),
(34674960, 'MARTHA GIMENA', 'TORRES TORRES', 'activo'),
(37926636, 'MARICEL', 'HERNANDEZ RODRIGUEZ', 'activo'),
(38461907, 'GLORIA ESTELLA', 'ZUNIGA PRADO', 'inactivo'),
(38472732, 'GLORIA GISELA', 'ANGULO VALENCIA', 'activo'),
(38553570, 'ANA MILENA', 'BARRERA SABOGAL', 'activo'),
(38561100, 'LUZ DOENYS', 'GONZALES NARVAEZ', 'activo'),
(38569844, 'ANA VIVIANA', 'VACA OJEDA', 'activo'),
(38642123, 'DIANA CAROLINA', 'ALZATE SANTIAGO', 'activo'),
(38667988, 'SANDRA  PATRICIA', 'LARRAHONDO SILVA', 'activo'),
(38668841, 'YULY VIONETH', 'TABORDA GIRALDO', 'activo'),
(38669111, 'ANA MILENA', 'TORRES MONTANO', 'activo'),
(38669793, 'ANA MARIA', 'VASQUEZ BALANTA', 'activo'),
(38671176, 'MARIA DE LOS ANGELES', 'MINDA NAVAS', 'activo'),
(38671412, 'MARIA TERESA', 'AVILA PENA', 'activo'),
(38680117, 'MARIA NILSA', 'RIOS SEPULVEDA', 'activo'),
(38856832, 'FRANCIA', 'SIERRA RIVERA', 'activo'),
(38872539, 'MARLENE', 'BUSTOS MORALES', 'activo'),
(38889593, 'MARLODI', 'ESCOBAR LOZANO', 'activo'),
(38943942, 'MARTHA LUCIA', 'VILLADA AGUIRRE', 'activo'),
(39840633, 'ROSA  EUGENIA', 'GUERRERO GALARZA', 'activo'),
(39841598, 'SUSANA', 'TIMANA MACIAS', 'activo'),
(42082761, 'MARIA EUDALIA', 'CANO GONZALEZ', 'activo'),
(42935851, 'ROSALBA', 'GARCIA ARBOLEDA', 'activo'),
(46464646, 'CHANCE', 'WEB UNO JAMUNDI', 'activo'),
(47474747, 'CHANCE', 'WEB UNO YUMBO', 'activo'),
(48627366, 'NORA LIGIA', 'SANCHEZ GONZALEZ', 'activo'),
(50983306, 'OMAIRA HORTENCIA', 'ORTEGA ROSARIO', 'inactivo'),
(51785777, 'NASLY', 'TORO OSORIO', 'activo'),
(51998736, 'NAYIBER', 'NINO RAMIREZ', 'activo'),
(52358408, 'ROSA CAROLINA', 'SOTELO BERMUDEZ', 'activo'),
(52985621, 'VIANIS MARIA', 'VELEZ HERRERA', 'activo'),
(53013915, 'MONICA', 'CASARA RENGIFO', 'activo'),
(66679002, 'YANETH', 'ARANA MARIN', 'activo'),
(66681929, 'LENNY ANDREA', 'CANARTE OSPINA', 'activo'),
(66740532, 'LYDA ONEYDA', 'VALENCIA AGUDELO', 'activo'),
(66812473, 'LIGIA AMANDA', 'MOSQUERA RODRIGUEZ', 'activo'),
(66822684, 'YOLANDA', 'CADENA SAMBONY', 'activo'),
(66827012, 'LORENA', 'GALVIS SANCHEZ', 'activo'),
(66830285, 'BEATRIZ  ELENA', 'MARIN ARISTIZABAL', 'activo'),
(66834422, 'EMI YULIED', 'DIAZ TRIANA', 'activo'),
(66856498, 'LINA', 'OTERO LOPEZ', 'activo'),
(66870084, 'LUZ ESTELLA', 'ESPANA JARAMILLO', 'activo'),
(66908670, 'ALEJANDRA', 'MUNOZ ORDONEZ', 'activo'),
(66909227, 'DORALBA', 'REINA RODRIGUEZ', 'activo'),
(66911777, 'JAMILETH', 'RIASCOS BRAVO', 'activo'),
(66924564, 'CLAUDIA', 'VARGAS CHAMORRO', 'activo'),
(66929649, 'TANIA', 'RAMIREZ ROJAS', 'activo'),
(66933843, 'ANA ROSA', 'BOTACHE HERNANDEZ', 'activo'),
(66974226, 'GILSEL MARIXA', 'ARANZALEZ LASSO', 'activo'),
(67005889, 'GLORIA YODELFA', 'CALAMBAZ BERMUDEZ', 'activo'),
(67015849, 'MARIA ROSBY', 'SAAVEDRA CABRERA', 'activo'),
(67016384, 'LUZ DEY', 'BUITRAGO HURTADO', 'activo'),
(67021981, 'LORENA', 'CHAVRRO GUAPACHA', 'activo'),
(69015709, 'MARIA ELVIA', 'HERNANDEZ LOPEZ', 'activo'),
(91352286, 'RAMIRO ANTONIO', 'BALMACEDA ALFONSO', 'activo'),
(94467399, 'FREDDY HERNANDO', 'PRADO ', 'activo'),
(94511427, 'JOSE AZAEL', 'RUIZ ', 'activo'),
(464646461, 'CHANCE', 'WEB UNO JAMUNDI', 'activo'),
(464646462, 'CHANCE', 'WEB DOS JAMUNDI', 'activo'),
(464646463, 'CHANCE', 'WEB TRES JAMUNDI', 'activo'),
(464646464, 'CHANCE', 'WEB CUATRO JAMUNDI', 'activo'),
(474747471, 'CHANCE', 'WEB UNO YUMBO', 'activo'),
(474747472, 'CHANCE', 'WEB DOS YUMBO', 'activo'),
(474747473, 'CHANCE', 'WEB TRES YUMBO', 'activo'),
(474747474, 'CHANCE', 'WEB CUATRO YUMBO', 'activo'),
(805013949, 'MERCALOTERIAS', 'S.A. ', 'activo'),
(900034189, 'CDA JAMUNDI', 'CDA JAMUNDI', 'activo'),
(900063751, 'COMERC. INVERS MONTENEGRO', 'LTDA .', 'activo'),
(900147803, 'CDA ITAC', 'SAS YUMBO', 'activo'),
(901021901, 'CDA', 'BRISAS DEL LAGO SAS JAMUNDI', 'activo'),
(901044711, 'CENTRO DIAGNOSTICO', 'AUTOMOTOR YUMBO SAS', 'activo'),
(1002920607, 'GLENIS ANDREA', 'GARCIA ACOSTA', 'activo'),
(1002960456, 'LUISA FERNANDA', 'MUNOZ MERA', 'activo'),
(1004492269, 'LARITSA CARINE', 'FALLA SILVA', 'activo'),
(1006231730, 'LINDA DANIELA', 'MUNOZ BURITICA', 'activo'),
(1006233804, 'DIANA MILEIDY', 'MARTINEZ BALANTA', 'activo'),
(1006235326, 'ANGIE LISETH', 'GOMEZ MONTILLA', 'activo'),
(1006364812, 'NICOLLE DANIELA', 'CHACON HOYOS  ', 'activo'),
(1007490524, 'LISETH TATIANA', 'PORTILLO ANGULO', 'activo'),
(1007706642, 'ANGIE PAOLA', 'TOVAR BURGOS', 'activo'),
(1007779347, 'YESSICA FERNANDA', 'MONTOYA RESTREPO', 'activo'),
(1007907803, 'ADRIANA', 'IBARGUEN BELALCAZAR', 'activo'),
(1010026903, 'SERGIO', 'GONZALEZ TORRES', 'activo'),
(1012379903, 'DANIELA', 'VALENCIA PATINO', 'activo'),
(1015450440, 'KATERINE', 'CASTILLO ZAMBRANO', 'activo'),
(1016008107, 'ANGIE CATALINA', 'REYES JIMENEZ', 'activo'),
(1019105934, 'LINDA NATALIA', 'MEDINA MENDEZ', 'activo'),
(1030554222, 'NANCY JHOANA', 'GONZALEZ MARTINEZ', 'activo'),
(1030577606, 'ADRIANA MILENA', 'OSPINA MARTINEZ', 'activo'),
(1041203200, 'OSCAR IVAN', 'ARISTIZABAL GOMEZ', 'activo'),
(1061731001, 'MARIA ANGELICA', 'ANACONA ANACONA', 'activo'),
(1061821977, 'DIANA CAMILA', 'NARVAEZ MERA', 'activo'),
(1062333980, 'BLESSING VANESSA', 'ZUNIGA DELGADO', 'activo'),
(1063817846, 'YESMIL ADRIANA', 'ALEGRIA AGREDO', 'activo'),
(1072366202, 'STEPHANYA', 'BARANDICA SERNA', 'activo'),
(1073519557, 'ANGIE CAROLINA', 'DIAZ MURILLO', 'activo'),
(1075215087, 'NIDIA', 'RAMIREZ RODRIGUEZ', 'activo'),
(1081156122, 'LEIDY TATIANA', 'HERRERA HERRERA', 'activo'),
(1082747233, 'ALEXIS JOHANA', 'DELGADO RECALDE', 'activo'),
(1085267793, 'LIZETH VIVIANA', 'TORO GARCIA', 'activo'),
(1085304380, 'LEIDY LORENA', 'RUALES JOJOA', 'activo'),
(1087674263, 'ELSY YANIRA', 'CORAL JIMENEZ', 'activo'),
(1088282048, 'JENNIFER', 'JARAMILLO CARDONA', 'activo'),
(1089030756, 'NELVA LIDIA', 'GETIAL TORRES', 'activo'),
(1093802534, 'DIANA KATERINE', 'MORANTES IZAQUITA', 'activo'),
(1093804143, 'DORIANA ANDREA', 'ANGULO CHIA', 'activo'),
(1094908533, 'YALENY ESPERANZA', 'NOGUERA PEREZ', 'activo'),
(1097727581, 'KATERINE', 'UTIMA SANCHEZ', 'activo'),
(1099708231, 'DORA LILIA', 'GOMEZ SUAREZ', 'activo'),
(1107064635, 'LINA FERNANDA', 'SANCHEZ CALDERON', 'activo'),
(1111772553, 'ANA EMILIA', 'MOSQUERA RAMIREZ', 'activo'),
(1112102008, 'DIANA MARCELA', 'URIBE URI', 'activo'),
(1112460601, 'KATHERINE', 'PAZ MONTENEGRO', 'activo'),
(1112460771, 'LILIANA', 'GIRALDO TELLEZ', 'activo'),
(1112461635, 'LEYDI CAROLINA', 'GOLU CARABALI', 'activo'),
(1112463964, 'YURI', 'MENESES GARCES', 'activo'),
(1112469722, 'GLADYS ELENA', 'GUERRERO CARABALI', 'activo'),
(1112470124, 'LINA MARCELA', 'SALAZAR MOLINA', 'activo'),
(1112471406, 'LEYDI VIVIANA', 'DAGUA CORDOBA', 'activo'),
(1112473518, 'MARIA YULIANA', 'RODRIGUEZ ', 'activo'),
(1112473541, 'ELIANA MARIA', 'VELANDIA VALENCIA', 'activo'),
(1112474594, 'LEIDY VANESSA', 'ALTAMIRANO SANCLEMENTE', 'activo'),
(1112475471, 'LEIDY YURANI', 'VIVAS ', 'activo'),
(1112477782, 'VERONICA', 'CAMPO DOMINGUEZ', 'activo'),
(1112478086, 'LEIDY LORENA', 'CARABALI VIVEROS', 'activo'),
(1112478475, 'ANGELA VANESSA', 'CARABALI MINA', 'activo'),
(1112478971, 'JOAN STIVEN', 'ASTUDILLO ', 'activo'),
(1112481339, 'YULI ANDREA', 'VALENCIA MUNOZ', 'activo'),
(1112482303, 'CLARA INES', 'ACOSTA VICTORIA', 'activo'),
(1112482320, 'ERIC JULIAN', 'RAMOS GUERRERO', 'activo'),
(1112482421, 'ANGIE JOHANA', 'MUNOZ BURITICA', 'activo'),
(1112483048, 'LUIS ALEJANDRO', 'VELASQUEZ GALINDO', 'activo'),
(1112483634, 'YASMIN SULEY', 'VALENCIA JARAMILLO', 'activo'),
(1112484396, 'KATHERINE', 'LASSO ESCOBAR', 'activo'),
(1112484512, 'LEIDY DAMARIS', 'DIAZ BONILLA', 'activo'),
(1112484605, 'BRIGGIEET', 'LOZANO MOSQUERA', 'activo'),
(1112484793, 'GERALDINI', 'GUERRERO GAVIRIA', 'activo'),
(1112484806, 'JERALDINE', 'RODRIGUEZ BALANTA', 'activo'),
(1112484963, 'VERONICA', 'BOCANEGRA VELASCO', 'activo'),
(1112488768, 'KAREN TATIANA', 'QUINONES CASTANO', 'activo'),
(1112489378, 'DANIELA', 'MURIEL ', 'activo'),
(1112492076, 'LINA MARIA', 'POPO RIOS', 'activo'),
(1112492447, 'CAROLINE', 'GONZALES NARVAEZ', 'activo'),
(1112493001, 'JOSE LUIS', 'ARTEAGA VALENCIA', 'activo'),
(1112493688, 'MARELYN', 'BURBANO MONTENEGRO', 'activo'),
(1112495317, 'YAMILET', 'IZAJAR VIVEROS', 'activo'),
(1112495521, 'VALERIA', 'HINCAPIE DAZA', 'activo'),
(1112496756, 'MARIA DE LOS ANGELES', 'ROLDAN QUENGUAN', 'activo'),
(1112498058, 'YEIMY FABIANA', 'GIRALDO BEDOYA', 'activo'),
(1112958126, 'CAROLINA', 'ARCE HERNANDEZ', 'activo'),
(1113002017, 'PRUEBAS MULTIRED', 'PRUEBAS DOS PRUEBAS DOS', 'activo'),
(1113303034, 'LINA MARCELA', 'BEDOYA VELASQUEZ', 'activo'),
(1113309175, 'VIVIANA', 'VALENCIA GONZALEZ', 'activo'),
(1113526521, 'ERNESTO', 'GARCIA CARMONA', 'activo'),
(1113642956, 'JUAN FERNANDO', 'DORRONSORO MARULANDA', 'activo'),
(1113687313, 'KATHERINE', 'CAMACHO ROJAS', 'activo'),
(1113778296, 'LUZ ADRIANA', 'LONDO?O GARCIA', 'activo'),
(1113781893, 'MARLENY', 'MARIN MARIN', 'activo'),
(1114388381, 'LUIS CARLOS', 'MARIN MARTINEZ', 'activo'),
(1114391911, 'KAREN MELIZA', 'MARTINEZ CASTANEDA', 'activo'),
(1114481593, 'LEYDI JOHANA', 'LOPEZ GOMEZ', 'activo'),
(1114481796, 'DIANA FERNANDA', 'ORTEGA MORA', 'activo'),
(1114488678, 'JESSICA ALEXANDRA', 'BENITEZ VASCO', 'activo'),
(1114880812, 'MARIA MONICA', 'NOGUERA HURTADO', 'activo'),
(1116235750, 'YULIETH ALEXANDRA', 'REBOLLEDO VACA', 'activo'),
(1116374500, 'LEIDY TATIANA', 'YELA TENORIO', 'activo'),
(1117222333, 'PRUEBAS', 'JAMUNDI NORMAL', 'activo'),
(1117488403, 'LUCY CAROLINA', 'SARMIENTO VALENCIA', 'activo'),
(1118002017, 'PRUEBAS MULTIRED', 'PRUEBAS UNO PRUEBAS UNO', 'activo'),
(1118111222, 'PRUEBAS MULTIRED', 'PRUEBAS MULTIRED', 'activo'),
(1118236128, 'MILLERLADY', 'MEJIA TORO', 'inactivo'),
(1118256221, 'ALEXIS LIDEY', 'SOLARTE DELGADO', 'activo'),
(1118257529, 'INGRID TATIANA', 'JIMENEZ MARTINEZ', 'activo'),
(1118258662, 'DIANA FERNANDA', 'CARDONA CHATE', 'activo'),
(1118258673, 'MAYERLIN', 'RUIZ VELASCO', 'activo'),
(1118259234, 'ANDRES  FELIPE', 'MERA GARZON', 'activo'),
(1118259335, 'DIANA VANESSA', 'CALDAS GARCIA', 'activo'),
(1118282306, 'GISELA KARINA', 'FRANCO ROJAS', 'activo'),
(1118283211, 'NATHALY', 'DURAN LAZZO', 'activo'),
(1118283608, 'NATALI', 'ORREGO ORTEGA', 'activo'),
(1118285073, 'MARLYN YURANI', 'RIOS NIEVA', 'activo'),
(1118285615, 'MACYURI', 'HERRERA SANCHEZ', 'activo'),
(1118286652, 'CAROLINA', 'HERNANDEZ ', 'activo'),
(1118289312, 'MARIA DEL ROSARIO', 'RIOS NIEVA', 'activo'),
(1118289992, 'ANGIE TATIANA', 'LUNA LOPEZ', 'activo'),
(1118290086, 'LEYDI MARIANA', 'SANCHEZ IMBACHI', 'activo'),
(1118291351, 'DIANA CAROLINA', 'LITA YARA', 'activo'),
(1118291404, 'YEIMI ALEJANDRA', 'BAEZA BANGUERO', 'activo'),
(1118293030, 'ELIANA LIZETH', 'LUGO LLANTEN', 'activo'),
(1118293486, 'CARLOS ANDRES', 'GALEANO BERNAL', 'activo'),
(1118296877, 'LIZETH', 'PAYAN OSORNO', 'activo'),
(1118297255, 'PAOLA ANDREA', 'RODRIGUEZ ', 'activo'),
(1118300247, 'CAROLINA', 'VALENCIA HURTADO', 'activo'),
(1118300667, 'LEIDY TATIANA', 'MEDINA SANCHEZ', 'activo'),
(1118301379, 'ALISON JINETH', 'SANCHEZ PIZARRO', 'activo'),
(1118301525, 'ANDRY YULIETH', 'MONSALVE RENGIFO', 'activo'),
(1118301543, 'ALEXANDRA', 'PIPICANO MARTINEZ', 'activo'),
(1118302948, 'MARIA DEL CARMEN', 'PORTILLA VINAZCO', 'activo'),
(1118303657, 'DARLY JULIETH', 'RAMIREZ DORADO', 'activo'),
(1118305783, 'DARLY JOHANNA', 'ANGEL GARCIA', 'activo'),
(1118306152, 'LILIBETH ANDREA', 'NARVAEZ MUNOZ', 'activo'),
(1118307857, 'YESICA DAIANA', 'LONDONO GARCIA', 'activo'),
(1118308247, 'MARGY TATIANA', 'GASPAR ZAPATA', 'activo'),
(1118308542, 'LUISA MARIA', 'DAZA ERAZO', 'activo'),
(1118308562, 'LINDA JIRHAM', 'MARMOLEJO SALAZAR', 'activo'),
(1118309360, 'ANGIE CAROLINA', 'HOYOS GOMEZ', 'activo'),
(1118309398, 'YERALDIN', 'RIOS GARCIA', 'activo'),
(1118309412, 'DANIELA', 'VIVAS VELASQUEZ', 'activo'),
(1118309502, 'JUAN MIGUEL', 'ZULETA SALINAS', 'activo'),
(1118309688, 'DIANA LORENA', 'VALENCIA ROJAS', 'activo'),
(1118309731, 'STHEPANY', 'SERNA GIRALDO', 'activo'),
(1118310206, 'JOHANNA DEL CARMEN', 'PALACIO QUINTERO', 'activo'),
(1118310644, 'YERALDIN', 'MARQUEZ SALAZAR', 'activo'),
(1118311390, 'MONICA JULIETH', 'ORTEGA GARZON', 'activo'),
(1119444555, 'PRUEBAS TAT', 'JAMUNDI TAT', 'activo'),
(1124244717, 'KAREN DAYANA', 'CASTANO ORTIZ', 'activo'),
(1125111222, 'PRUEBAS DOS MULTIRED', 'PRUEBAS DOS MULTIRED DOS', 'activo'),
(1126910498, 'DIANA CAROLINA', 'PENA MOLINA', 'activo'),
(1127336319, 'DEISY KARINA', 'PINZON MONOGA', 'activo'),
(1127956499, 'LILIANA YURANI', 'MUNOZ GOMEZ', 'activo'),
(1130587740, 'OLGA LUCIA', 'BURBANO BURBANO', 'activo'),
(1130597829, 'INGRID ALEJANDRA', 'SALINAS ALVAREZ', 'activo'),
(1130618717, 'LEONARDO', 'CASRILLON OSPINA', 'activo'),
(1130619388, 'ISABEL CRISTINA', 'SUAREZ VELASQUEZ', 'activo'),
(1130628325, 'KAROL JOHANNA', 'CUERO OBONAGA', 'activo'),
(1130646276, 'YURANI', 'GARCIA ', 'activo'),
(1140422140, 'MARLY KATIUSKA', 'PIAMBA GITIERREZ', 'activo'),
(1143832342, 'DIANA YAZMIN', 'SARRIA ARIAS', 'activo'),
(1143869262, 'CLAUDIA CECILIA', 'QUEBRADA QUIMBAYO', 'activo'),
(1143952693, 'LAUDY JHOANNA', 'CHAUX AYALA', 'activo'),
(1143984731, 'ANGIE VANNESA', 'ZUNIGA CERON', 'activo'),
(1144056523, 'CAMILO ANDRES', 'CUDRIS PENALOZA', 'activo'),
(1144058332, 'KATHERYNE', 'MOYANO CABRERA', 'activo'),
(1144059570, 'DIANA MARCELA', 'SANDOVAL GETIAL', 'activo'),
(1144128109, 'SANDRA PATRICIA', 'MONCAYO ZAPATA', 'activo'),
(1144129169, 'LEIDY MARCELA', 'FLOREZ RENDON', 'activo'),
(1144129241, 'MAURICIO', 'HERNANDEZ CASTRILLON', 'activo'),
(1144136114, 'LUIS FERNANDO', 'MAPALLO VALENCIA', 'activo'),
(1144139744, 'YINA ISABEL', 'IPIA AYA', 'activo'),
(1150937847, 'LEIDY TATIANA', 'RODALLEGAS MINA', 'activo'),
(1151948801, 'KARINA', 'LUNA HERNANDEZ', 'activo'),
(1151948884, 'LINA MARCELA', 'MEDINA HERNANDEZ', 'activo'),
(1151950747, 'PAOLA ANDREA', 'AGUIRRE BEDOYA', 'activo'),
(1151951095, 'ASTRID CAROLINA', 'DELGADO SANCHEZ', 'activo'),
(1152194683, 'LUISA FERNANDA', 'CUERVO OSORIO', 'activo'),
(1193425478, 'LEYDI PATRICIA', 'PEREA CAICEDO', 'activo'),
(1232593630, 'YAMELIS ALEXEY', 'ARISMENDI LOPEZ', 'activo'),
(2147483647, 'PRUEBAS TAT', 'PATA MILLONARIA', 'activo');

-- --------------------------------------------------------

--
-- Estructura de tabla para la tabla `ganadores`
--

CREATE TABLE `ganadores` (
  `id` int(10) NOT NULL,
  `id_cedula` int(10) NOT NULL,
  `id_premio` int(3) NOT NULL,
  `fecha` datetime NOT NULL
) ENGINE=InnoDB DEFAULT CHARSET=utf8mb4;

--
-- Volcado de datos para la tabla `ganadores`
--

INSERT INTO `ganadores` (`id`, `id_cedula`, `id_premio`, `fecha`) VALUES
(11, 50983306, 67, '2020-11-21 18:50:03'),
(12, 38461907, 66, '2020-11-21 18:50:34'),
(13, 31532864, 68, '2020-11-21 18:51:36');

-- --------------------------------------------------------

--
-- Estructura de tabla para la tabla `numeros`
--

CREATE TABLE `numeros` (
  `numero` int(4) NOT NULL,
  `id_cedula` int(10) NOT NULL
) ENGINE=InnoDB DEFAULT CHARSET=utf8mb4;

--
-- Volcado de datos para la tabla `numeros`
--

INSERT INTO `numeros` (`numero`, `id_cedula`) VALUES
(44, 2001),
(502, 2001),
(960, 2001),
(1418, 2001),
(1876, 2001),
(2334, 2001),
(2792, 2001),
(3250, 2001),
(3708, 2001),
(4166, 2001),
(4624, 2001),
(5082, 2001),
(5540, 2001),
(5998, 2001),
(6456, 2001),
(6914, 2001),
(7372, 2001),
(291, 759780),
(749, 759780),
(1207, 759780),
(1665, 759780),
(2123, 759780),
(2581, 759780),
(3039, 759780),
(3497, 759780),
(3955, 759780),
(4413, 759780),
(4871, 759780),
(5329, 759780),
(5787, 759780),
(6245, 759780),
(6703, 759780),
(7161, 759780),
(347, 3340064),
(805, 3340064),
(1263, 3340064),
(1721, 3340064),
(2179, 3340064),
(2637, 3340064),
(3095, 3340064),
(3553, 3340064),
(4011, 3340064),
(4469, 3340064),
(4927, 3340064),
(5385, 3340064),
(5843, 3340064),
(6301, 3340064),
(6759, 3340064),
(7217, 3340064),
(292, 4578232),
(750, 4578232),
(1208, 4578232),
(1666, 4578232),
(2124, 4578232),
(2582, 4578232),
(3040, 4578232),
(3498, 4578232),
(3956, 4578232),
(4414, 4578232),
(4872, 4578232),
(5330, 4578232),
(5788, 4578232),
(6246, 4578232),
(6704, 4578232),
(7162, 4578232),
(136, 5354122),
(594, 5354122),
(1052, 5354122),
(1510, 5354122),
(1968, 5354122),
(2426, 5354122),
(2884, 5354122),
(3342, 5354122),
(3800, 5354122),
(4258, 5354122),
(4716, 5354122),
(5174, 5354122),
(5632, 5354122),
(6090, 5354122),
(6548, 5354122),
(7006, 5354122),
(7464, 5354122),
(175, 6018057),
(633, 6018057),
(1091, 6018057),
(1549, 6018057),
(2007, 6018057),
(2465, 6018057),
(2923, 6018057),
(3381, 6018057),
(3839, 6018057),
(4297, 6018057),
(4755, 6018057),
(5213, 6018057),
(5671, 6018057),
(6129, 6018057),
(6587, 6018057),
(7045, 6018057),
(7503, 6018057),
(415, 6089637),
(873, 6089637),
(1331, 6089637),
(1789, 6089637),
(2247, 6089637),
(2705, 6089637),
(3163, 6089637),
(3621, 6089637),
(4079, 6089637),
(4537, 6089637),
(4995, 6089637),
(5453, 6089637),
(5911, 6089637),
(6369, 6089637),
(6827, 6089637),
(7285, 6089637),
(23, 6089860),
(481, 6089860),
(939, 6089860),
(1397, 6089860),
(1855, 6089860),
(2313, 6089860),
(2771, 6089860),
(3229, 6089860),
(3687, 6089860),
(4145, 6089860),
(4603, 6089860),
(5061, 6089860),
(5519, 6089860),
(5977, 6089860),
(6435, 6089860),
(6893, 6089860),
(7351, 6089860),
(294, 6331794),
(752, 6331794),
(1210, 6331794),
(1668, 6331794),
(2126, 6331794),
(2584, 6331794),
(3042, 6331794),
(3500, 6331794),
(3958, 6331794),
(4416, 6331794),
(4874, 6331794),
(5332, 6331794),
(5790, 6331794),
(6248, 6331794),
(6706, 6331794),
(7164, 6331794),
(344, 6332040),
(802, 6332040),
(1260, 6332040),
(1718, 6332040),
(2176, 6332040),
(2634, 6332040),
(3092, 6332040),
(3550, 6332040),
(4008, 6332040),
(4466, 6332040),
(4924, 6332040),
(5382, 6332040),
(5840, 6332040),
(6298, 6332040),
(6756, 6332040),
(7214, 6332040),
(211, 6340204),
(669, 6340204),
(1127, 6340204),
(1585, 6340204),
(2043, 6340204),
(2501, 6340204),
(2959, 6340204),
(3417, 6340204),
(3875, 6340204),
(4333, 6340204),
(4791, 6340204),
(5249, 6340204),
(5707, 6340204),
(6165, 6340204),
(6623, 6340204),
(7081, 6340204),
(7539, 6340204),
(31, 6340702),
(489, 6340702),
(947, 6340702),
(1405, 6340702),
(1863, 6340702),
(2321, 6340702),
(2779, 6340702),
(3237, 6340702),
(3695, 6340702),
(4153, 6340702),
(4611, 6340702),
(5069, 6340702),
(5527, 6340702),
(5985, 6340702),
(6443, 6340702),
(6901, 6340702),
(7359, 6340702),
(219, 6342949),
(677, 6342949),
(1135, 6342949),
(1593, 6342949),
(2051, 6342949),
(2509, 6342949),
(2967, 6342949),
(3425, 6342949),
(3883, 6342949),
(4341, 6342949),
(4799, 6342949),
(5257, 6342949),
(5715, 6342949),
(6173, 6342949),
(6631, 6342949),
(7089, 6342949),
(7547, 6342949),
(223, 6343869),
(681, 6343869),
(1139, 6343869),
(1597, 6343869),
(2055, 6343869),
(2513, 6343869),
(2971, 6343869),
(3429, 6343869),
(3887, 6343869),
(4345, 6343869),
(4803, 6343869),
(5261, 6343869),
(5719, 6343869),
(6177, 6343869),
(6635, 6343869),
(7093, 6343869),
(7551, 6343869),
(113, 6344590),
(571, 6344590),
(1029, 6344590),
(1487, 6344590),
(1945, 6344590),
(2403, 6344590),
(2861, 6344590),
(3319, 6344590),
(3777, 6344590),
(4235, 6344590),
(4693, 6344590),
(5151, 6344590),
(5609, 6344590),
(6067, 6344590),
(6525, 6344590),
(6983, 6344590),
(7441, 6344590),
(209, 6345698),
(667, 6345698),
(1125, 6345698),
(1583, 6345698),
(2041, 6345698),
(2499, 6345698),
(2957, 6345698),
(3415, 6345698),
(3873, 6345698),
(4331, 6345698),
(4789, 6345698),
(5247, 6345698),
(5705, 6345698),
(6163, 6345698),
(6621, 6345698),
(7079, 6345698),
(7537, 6345698),
(225, 6345983),
(683, 6345983),
(1141, 6345983),
(1599, 6345983),
(2057, 6345983),
(2515, 6345983),
(2973, 6345983),
(3431, 6345983),
(3889, 6345983),
(4347, 6345983),
(4805, 6345983),
(5263, 6345983),
(5721, 6345983),
(6179, 6345983),
(6637, 6345983),
(7095, 6345983),
(7553, 6345983),
(355, 6423377),
(813, 6423377),
(1271, 6423377),
(1729, 6423377),
(2187, 6423377),
(2645, 6423377),
(3103, 6423377),
(3561, 6423377),
(4019, 6423377),
(4477, 6423377),
(4935, 6423377),
(5393, 6423377),
(5851, 6423377),
(6309, 6423377),
(6767, 6423377),
(7225, 6423377),
(297, 10443523),
(755, 10443523),
(1213, 10443523),
(1671, 10443523),
(2129, 10443523),
(2587, 10443523),
(3045, 10443523),
(3503, 10443523),
(3961, 10443523),
(4419, 10443523),
(4877, 10443523),
(5335, 10443523),
(5793, 10443523),
(6251, 10443523),
(6709, 10443523),
(7167, 10443523),
(5, 11261521),
(463, 11261521),
(921, 11261521),
(1379, 11261521),
(1837, 11261521),
(2295, 11261521),
(2753, 11261521),
(3211, 11261521),
(3669, 11261521),
(4127, 11261521),
(4585, 11261521),
(5043, 11261521),
(5501, 11261521),
(5959, 11261521),
(6417, 11261521),
(6875, 11261521),
(7333, 11261521),
(298, 12181581),
(756, 12181581),
(1214, 12181581),
(1672, 12181581),
(2130, 12181581),
(2588, 12181581),
(3046, 12181581),
(3504, 12181581),
(3962, 12181581),
(4420, 12181581),
(4878, 12181581),
(5336, 12181581),
(5794, 12181581),
(6252, 12181581),
(6710, 12181581),
(7168, 12181581),
(158, 12980407),
(616, 12980407),
(1074, 12980407),
(1532, 12980407),
(1990, 12980407),
(2448, 12980407),
(2906, 12980407),
(3364, 12980407),
(3822, 12980407),
(4280, 12980407),
(4738, 12980407),
(5196, 12980407),
(5654, 12980407),
(6112, 12980407),
(6570, 12980407),
(7028, 12980407),
(7486, 12980407),
(215, 14577238),
(673, 14577238),
(1131, 14577238),
(1589, 14577238),
(2047, 14577238),
(2505, 14577238),
(2963, 14577238),
(3421, 14577238),
(3879, 14577238),
(4337, 14577238),
(4795, 14577238),
(5253, 14577238),
(5711, 14577238),
(6169, 14577238),
(6627, 14577238),
(7085, 14577238),
(7543, 14577238),
(375, 14675027),
(833, 14675027),
(1291, 14675027),
(1749, 14675027),
(2207, 14675027),
(2665, 14675027),
(3123, 14675027),
(3581, 14675027),
(4039, 14675027),
(4497, 14675027),
(4955, 14675027),
(5413, 14675027),
(5871, 14675027),
(6329, 14675027),
(6787, 14675027),
(7245, 14675027),
(64, 14845060),
(522, 14845060),
(980, 14845060),
(1438, 14845060),
(1896, 14845060),
(2354, 14845060),
(2812, 14845060),
(3270, 14845060),
(3728, 14845060),
(4186, 14845060),
(4644, 14845060),
(5102, 14845060),
(5560, 14845060),
(6018, 14845060),
(6476, 14845060),
(6934, 14845060),
(7392, 14845060),
(147, 14962807),
(605, 14962807),
(1063, 14962807),
(1521, 14962807),
(1979, 14962807),
(2437, 14962807),
(2895, 14962807),
(3353, 14962807),
(3811, 14962807),
(4269, 14962807),
(4727, 14962807),
(5185, 14962807),
(5643, 14962807),
(6101, 14962807),
(6559, 14962807),
(7017, 14962807),
(7475, 14962807),
(198, 14999055),
(656, 14999055),
(1114, 14999055),
(1572, 14999055),
(2030, 14999055),
(2488, 14999055),
(2946, 14999055),
(3404, 14999055),
(3862, 14999055),
(4320, 14999055),
(4778, 14999055),
(5236, 14999055),
(5694, 14999055),
(6152, 14999055),
(6610, 14999055),
(7068, 14999055),
(7526, 14999055),
(22, 15373979),
(480, 15373979),
(938, 15373979),
(1396, 15373979),
(1854, 15373979),
(2312, 15373979),
(2770, 15373979),
(3228, 15373979),
(3686, 15373979),
(4144, 15373979),
(4602, 15373979),
(5060, 15373979),
(5518, 15373979),
(5976, 15373979),
(6434, 15373979),
(6892, 15373979),
(7350, 15373979),
(28, 15643689),
(486, 15643689),
(944, 15643689),
(1402, 15643689),
(1860, 15643689),
(2318, 15643689),
(2776, 15643689),
(3234, 15643689),
(3692, 15643689),
(4150, 15643689),
(4608, 15643689),
(5066, 15643689),
(5524, 15643689),
(5982, 15643689),
(6440, 15643689),
(6898, 15643689),
(7356, 15643689),
(414, 15904610),
(872, 15904610),
(1330, 15904610),
(1788, 15904610),
(2246, 15904610),
(2704, 15904610),
(3162, 15904610),
(3620, 15904610),
(4078, 15904610),
(4536, 15904610),
(4994, 15904610),
(5452, 15904610),
(5910, 15904610),
(6368, 15904610),
(6826, 15904610),
(7284, 15904610),
(24, 15912526),
(482, 15912526),
(940, 15912526),
(1398, 15912526),
(1856, 15912526),
(2314, 15912526),
(2772, 15912526),
(3230, 15912526),
(3688, 15912526),
(4146, 15912526),
(4604, 15912526),
(5062, 15912526),
(5520, 15912526),
(5978, 15912526),
(6436, 15912526),
(6894, 15912526),
(7352, 15912526),
(47, 16263936),
(505, 16263936),
(963, 16263936),
(1421, 16263936),
(1879, 16263936),
(2337, 16263936),
(2795, 16263936),
(3253, 16263936),
(3711, 16263936),
(4169, 16263936),
(4627, 16263936),
(5085, 16263936),
(5543, 16263936),
(6001, 16263936),
(6459, 16263936),
(6917, 16263936),
(7375, 16263936),
(130, 16359137),
(588, 16359137),
(1046, 16359137),
(1504, 16359137),
(1962, 16359137),
(2420, 16359137),
(2878, 16359137),
(3336, 16359137),
(3794, 16359137),
(4252, 16359137),
(4710, 16359137),
(5168, 16359137),
(5626, 16359137),
(6084, 16359137),
(6542, 16359137),
(7000, 16359137),
(7458, 16359137),
(255, 16450021),
(713, 16450021),
(1171, 16450021),
(1629, 16450021),
(2087, 16450021),
(2545, 16450021),
(3003, 16450021),
(3461, 16450021),
(3919, 16450021),
(4377, 16450021),
(4835, 16450021),
(5293, 16450021),
(5751, 16450021),
(6209, 16450021),
(6667, 16450021),
(7125, 16450021),
(7583, 16450021),
(396, 16466684),
(854, 16466684),
(1312, 16466684),
(1770, 16466684),
(2228, 16466684),
(2686, 16466684),
(3144, 16466684),
(3602, 16466684),
(4060, 16466684),
(4518, 16466684),
(4976, 16466684),
(5434, 16466684),
(5892, 16466684),
(6350, 16466684),
(6808, 16466684),
(7266, 16466684),
(154, 16598824),
(612, 16598824),
(1070, 16598824),
(1528, 16598824),
(1986, 16598824),
(2444, 16598824),
(2902, 16598824),
(3360, 16598824),
(3818, 16598824),
(4276, 16598824),
(4734, 16598824),
(5192, 16598824),
(5650, 16598824),
(6108, 16598824),
(6566, 16598824),
(7024, 16598824),
(7482, 16598824),
(156, 16671854),
(614, 16671854),
(1072, 16671854),
(1530, 16671854),
(1988, 16671854),
(2446, 16671854),
(2904, 16671854),
(3362, 16671854),
(3820, 16671854),
(4278, 16671854),
(4736, 16671854),
(5194, 16671854),
(5652, 16671854),
(6110, 16671854),
(6568, 16671854),
(7026, 16671854),
(7484, 16671854),
(94, 16709617),
(552, 16709617),
(1010, 16709617),
(1468, 16709617),
(1926, 16709617),
(2384, 16709617),
(2842, 16709617),
(3300, 16709617),
(3758, 16709617),
(4216, 16709617),
(4674, 16709617),
(5132, 16709617),
(5590, 16709617),
(6048, 16709617),
(6506, 16709617),
(6964, 16709617),
(7422, 16709617),
(149, 16745855),
(607, 16745855),
(1065, 16745855),
(1523, 16745855),
(1981, 16745855),
(2439, 16745855),
(2897, 16745855),
(3355, 16745855),
(3813, 16745855),
(4271, 16745855),
(4729, 16745855),
(5187, 16745855),
(5645, 16745855),
(6103, 16745855),
(6561, 16745855),
(7019, 16745855),
(7477, 16745855),
(432, 16769754),
(890, 16769754),
(1348, 16769754),
(1806, 16769754),
(2264, 16769754),
(2722, 16769754),
(3180, 16769754),
(3638, 16769754),
(4096, 16769754),
(4554, 16769754),
(5012, 16769754),
(5470, 16769754),
(5928, 16769754),
(6386, 16769754),
(6844, 16769754),
(7302, 16769754),
(300, 16820784),
(758, 16820784),
(1216, 16820784),
(1674, 16820784),
(2132, 16820784),
(2590, 16820784),
(3048, 16820784),
(3506, 16820784),
(3964, 16820784),
(4422, 16820784),
(4880, 16820784),
(5338, 16820784),
(5796, 16820784),
(6254, 16820784),
(6712, 16820784),
(7170, 16820784),
(332, 16824524),
(790, 16824524),
(1248, 16824524),
(1706, 16824524),
(2164, 16824524),
(2622, 16824524),
(3080, 16824524),
(3538, 16824524),
(3996, 16824524),
(4454, 16824524),
(4912, 16824524),
(5370, 16824524),
(5828, 16824524),
(6286, 16824524),
(6744, 16824524),
(7202, 16824524),
(364, 16843927),
(822, 16843927),
(1280, 16843927),
(1738, 16843927),
(2196, 16843927),
(2654, 16843927),
(3112, 16843927),
(3570, 16843927),
(4028, 16843927),
(4486, 16843927),
(4944, 16843927),
(5402, 16843927),
(5860, 16843927),
(6318, 16843927),
(6776, 16843927),
(7234, 16843927),
(410, 16931833),
(868, 16931833),
(1326, 16931833),
(1784, 16931833),
(2242, 16931833),
(2700, 16931833),
(3158, 16931833),
(3616, 16931833),
(4074, 16931833),
(4532, 16931833),
(4990, 16931833),
(5448, 16931833),
(5906, 16931833),
(6364, 16931833),
(6822, 16931833),
(7280, 16931833),
(302, 19159616),
(760, 19159616),
(1218, 19159616),
(1676, 19159616),
(2134, 19159616),
(2592, 19159616),
(3050, 19159616),
(3508, 19159616),
(3966, 19159616),
(4424, 19159616),
(4882, 19159616),
(5340, 19159616),
(5798, 19159616),
(6256, 19159616),
(6714, 19159616),
(7172, 19159616),
(55, 19524819),
(513, 19524819),
(971, 19524819),
(1429, 19524819),
(1887, 19524819),
(2345, 19524819),
(2803, 19524819),
(3261, 19524819),
(3719, 19524819),
(4177, 19524819),
(4635, 19524819),
(5093, 19524819),
(5551, 19524819),
(6009, 19524819),
(6467, 19524819),
(6925, 19524819),
(7383, 19524819),
(171, 19982996),
(629, 19982996),
(1087, 19982996),
(1545, 19982996),
(2003, 19982996),
(2461, 19982996),
(2919, 19982996),
(3377, 19982996),
(3835, 19982996),
(4293, 19982996),
(4751, 19982996),
(5209, 19982996),
(5667, 19982996),
(6125, 19982996),
(6583, 19982996),
(7041, 19982996),
(7499, 19982996),
(237, 20082273),
(695, 20082273),
(1153, 20082273),
(1611, 20082273),
(2069, 20082273),
(2527, 20082273),
(2985, 20082273),
(3443, 20082273),
(3901, 20082273),
(4359, 20082273),
(4817, 20082273),
(5275, 20082273),
(5733, 20082273),
(6191, 20082273),
(6649, 20082273),
(7107, 20082273),
(7565, 20082273),
(232, 20641402),
(690, 20641402),
(1148, 20641402),
(1606, 20641402),
(2064, 20641402),
(2522, 20641402),
(2980, 20641402),
(3438, 20641402),
(3896, 20641402),
(4354, 20641402),
(4812, 20641402),
(5270, 20641402),
(5728, 20641402),
(6186, 20641402),
(6644, 20641402),
(7102, 20641402),
(7560, 20641402),
(124, 22342706),
(582, 22342706),
(1040, 22342706),
(1498, 22342706),
(1956, 22342706),
(2414, 22342706),
(2872, 22342706),
(3330, 22342706),
(3788, 22342706),
(4246, 22342706),
(4704, 22342706),
(5162, 22342706),
(5620, 22342706),
(6078, 22342706),
(6536, 22342706),
(6994, 22342706),
(7452, 22342706),
(120, 23137276),
(578, 23137276),
(1036, 23137276),
(1494, 23137276),
(1952, 23137276),
(2410, 23137276),
(2868, 23137276),
(3326, 23137276),
(3784, 23137276),
(4242, 23137276),
(4700, 23137276),
(5158, 23137276),
(5616, 23137276),
(6074, 23137276),
(6532, 23137276),
(6990, 23137276),
(7448, 23137276),
(334, 24575925),
(792, 24575925),
(1250, 24575925),
(1708, 24575925),
(2166, 24575925),
(2624, 24575925),
(3082, 24575925),
(3540, 24575925),
(3998, 24575925),
(4456, 24575925),
(4914, 24575925),
(5372, 24575925),
(5830, 24575925),
(6288, 24575925),
(6746, 24575925),
(7204, 24575925),
(366, 25100168),
(824, 25100168),
(1282, 25100168),
(1740, 25100168),
(2198, 25100168),
(2656, 25100168),
(3114, 25100168),
(3572, 25100168),
(4030, 25100168),
(4488, 25100168),
(4946, 25100168),
(5404, 25100168),
(5862, 25100168),
(6320, 25100168),
(6778, 25100168),
(7236, 25100168),
(424, 25263514),
(882, 25263514),
(1340, 25263514),
(1798, 25263514),
(2256, 25263514),
(2714, 25263514),
(3172, 25263514),
(3630, 25263514),
(4088, 25263514),
(4546, 25263514),
(5004, 25263514),
(5462, 25263514),
(5920, 25263514),
(6378, 25263514),
(6836, 25263514),
(7294, 25263514),
(150, 25305457),
(608, 25305457),
(1066, 25305457),
(1524, 25305457),
(1982, 25305457),
(2440, 25305457),
(2898, 25305457),
(3356, 25305457),
(3814, 25305457),
(4272, 25305457),
(4730, 25305457),
(5188, 25305457),
(5646, 25305457),
(6104, 25305457),
(6562, 25305457),
(7020, 25305457),
(7478, 25305457),
(172, 25305519),
(630, 25305519),
(1088, 25305519),
(1546, 25305519),
(2004, 25305519),
(2462, 25305519),
(2920, 25305519),
(3378, 25305519),
(3836, 25305519),
(4294, 25305519),
(4752, 25305519),
(5210, 25305519),
(5668, 25305519),
(6126, 25305519),
(6584, 25305519),
(7042, 25305519),
(7500, 25305519),
(56, 25363989),
(514, 25363989),
(972, 25363989),
(1430, 25363989),
(1888, 25363989),
(2346, 25363989),
(2804, 25363989),
(3262, 25363989),
(3720, 25363989),
(4178, 25363989),
(4636, 25363989),
(5094, 25363989),
(5552, 25363989),
(6010, 25363989),
(6468, 25363989),
(6926, 25363989),
(7384, 25363989),
(413, 25618830),
(871, 25618830),
(1329, 25618830),
(1787, 25618830),
(2245, 25618830),
(2703, 25618830),
(3161, 25618830),
(3619, 25618830),
(4077, 25618830),
(4535, 25618830),
(4993, 25618830),
(5451, 25618830),
(5909, 25618830),
(6367, 25618830),
(6825, 25618830),
(7283, 25618830),
(177, 26559011),
(635, 26559011),
(1093, 26559011),
(1551, 26559011),
(2009, 26559011),
(2467, 26559011),
(2925, 26559011),
(3383, 26559011),
(3841, 26559011),
(4299, 26559011),
(4757, 26559011),
(5215, 26559011),
(5673, 26559011),
(6131, 26559011),
(6589, 26559011),
(7047, 26559011),
(7505, 26559011),
(283, 27333491),
(741, 27333491),
(1199, 27333491),
(1657, 27333491),
(2115, 27333491),
(2573, 27333491),
(3031, 27333491),
(3489, 27333491),
(3947, 27333491),
(4405, 27333491),
(4863, 27333491),
(5321, 27333491),
(5779, 27333491),
(6237, 27333491),
(6695, 27333491),
(7153, 27333491),
(7611, 27333491),
(204, 28976945),
(662, 28976945),
(1120, 28976945),
(1578, 28976945),
(2036, 28976945),
(2494, 28976945),
(2952, 28976945),
(3410, 28976945),
(3868, 28976945),
(4326, 28976945),
(4784, 28976945),
(5242, 28976945),
(5700, 28976945),
(6158, 28976945),
(6616, 28976945),
(7074, 28976945),
(7532, 28976945),
(284, 29109948),
(742, 29109948),
(1200, 29109948),
(1658, 29109948),
(2116, 29109948),
(2574, 29109948),
(3032, 29109948),
(3490, 29109948),
(3948, 29109948),
(4406, 29109948),
(4864, 29109948),
(5322, 29109948),
(5780, 29109948),
(6238, 29109948),
(6696, 29109948),
(7154, 29109948),
(7612, 29109948),
(261, 29115925),
(719, 29115925),
(1177, 29115925),
(1635, 29115925),
(2093, 29115925),
(2551, 29115925),
(3009, 29115925),
(3467, 29115925),
(3925, 29115925),
(4383, 29115925),
(4841, 29115925),
(5299, 29115925),
(5757, 29115925),
(6215, 29115925),
(6673, 29115925),
(7131, 29115925),
(7589, 29115925),
(454, 29116122),
(912, 29116122),
(1370, 29116122),
(1828, 29116122),
(2286, 29116122),
(2744, 29116122),
(3202, 29116122),
(3660, 29116122),
(4118, 29116122),
(4576, 29116122),
(5034, 29116122),
(5492, 29116122),
(5950, 29116122),
(6408, 29116122),
(6866, 29116122),
(7324, 29116122),
(108, 29117852),
(566, 29117852),
(1024, 29117852),
(1482, 29117852),
(1940, 29117852),
(2398, 29117852),
(2856, 29117852),
(3314, 29117852),
(3772, 29117852),
(4230, 29117852),
(4688, 29117852),
(5146, 29117852),
(5604, 29117852),
(6062, 29117852),
(6520, 29117852),
(6978, 29117852),
(7436, 29117852),
(37, 29324930),
(495, 29324930),
(953, 29324930),
(1411, 29324930),
(1869, 29324930),
(2327, 29324930),
(2785, 29324930),
(3243, 29324930),
(3701, 29324930),
(4159, 29324930),
(4617, 29324930),
(5075, 29324930),
(5533, 29324930),
(5991, 29324930),
(6449, 29324930),
(6907, 29324930),
(7365, 29324930),
(369, 29400428),
(827, 29400428),
(1285, 29400428),
(1743, 29400428),
(2201, 29400428),
(2659, 29400428),
(3117, 29400428),
(3575, 29400428),
(4033, 29400428),
(4491, 29400428),
(4949, 29400428),
(5407, 29400428),
(5865, 29400428),
(6323, 29400428),
(6781, 29400428),
(7239, 29400428),
(10, 29434913),
(468, 29434913),
(926, 29434913),
(1384, 29434913),
(1842, 29434913),
(2300, 29434913),
(2758, 29434913),
(3216, 29434913),
(3674, 29434913),
(4132, 29434913),
(4590, 29434913),
(5048, 29434913),
(5506, 29434913),
(5964, 29434913),
(6422, 29434913),
(6880, 29434913),
(7338, 29434913),
(403, 29567628),
(861, 29567628),
(1319, 29567628),
(1777, 29567628),
(2235, 29567628),
(2693, 29567628),
(3151, 29567628),
(3609, 29567628),
(4067, 29567628),
(4525, 29567628),
(4983, 29567628),
(5441, 29567628),
(5899, 29567628),
(6357, 29567628),
(6815, 29567628),
(7273, 29567628),
(277, 29568583),
(735, 29568583),
(1193, 29568583),
(1651, 29568583),
(2109, 29568583),
(2567, 29568583),
(3025, 29568583),
(3483, 29568583),
(3941, 29568583),
(4399, 29568583),
(4857, 29568583),
(5315, 29568583),
(5773, 29568583),
(6231, 29568583),
(6689, 29568583),
(7147, 29568583),
(7605, 29568583),
(166, 29577481),
(624, 29577481),
(1082, 29577481),
(1540, 29577481),
(1998, 29577481),
(2456, 29577481),
(2914, 29577481),
(3372, 29577481),
(3830, 29577481),
(4288, 29577481),
(4746, 29577481),
(5204, 29577481),
(5662, 29577481),
(6120, 29577481),
(6578, 29577481),
(7036, 29577481),
(7494, 29577481),
(30, 29581746),
(488, 29581746),
(946, 29581746),
(1404, 29581746),
(1862, 29581746),
(2320, 29581746),
(2778, 29581746),
(3236, 29581746),
(3694, 29581746),
(4152, 29581746),
(4610, 29581746),
(5068, 29581746),
(5526, 29581746),
(5984, 29581746),
(6442, 29581746),
(6900, 29581746),
(7358, 29581746),
(234, 29581779),
(692, 29581779),
(1150, 29581779),
(1608, 29581779),
(2066, 29581779),
(2524, 29581779),
(2982, 29581779),
(3440, 29581779),
(3898, 29581779),
(4356, 29581779),
(4814, 29581779),
(5272, 29581779),
(5730, 29581779),
(6188, 29581779),
(6646, 29581779),
(7104, 29581779),
(7562, 29581779),
(221, 29582652),
(679, 29582652),
(1137, 29582652),
(1595, 29582652),
(2053, 29582652),
(2511, 29582652),
(2969, 29582652),
(3427, 29582652),
(3885, 29582652),
(4343, 29582652),
(4801, 29582652),
(5259, 29582652),
(5717, 29582652),
(6175, 29582652),
(6633, 29582652),
(7091, 29582652),
(7549, 29582652),
(224, 29582980),
(682, 29582980),
(1140, 29582980),
(1598, 29582980),
(2056, 29582980),
(2514, 29582980),
(2972, 29582980),
(3430, 29582980),
(3888, 29582980),
(4346, 29582980),
(4804, 29582980),
(5262, 29582980),
(5720, 29582980),
(6178, 29582980),
(6636, 29582980),
(7094, 29582980),
(7552, 29582980),
(227, 29583138),
(685, 29583138),
(1143, 29583138),
(1601, 29583138),
(2059, 29583138),
(2517, 29583138),
(2975, 29583138),
(3433, 29583138),
(3891, 29583138),
(4349, 29583138),
(4807, 29583138),
(5265, 29583138),
(5723, 29583138),
(6181, 29583138),
(6639, 29583138),
(7097, 29583138),
(7555, 29583138),
(220, 29583505),
(678, 29583505),
(1136, 29583505),
(1594, 29583505),
(2052, 29583505),
(2510, 29583505),
(2968, 29583505),
(3426, 29583505),
(3884, 29583505),
(4342, 29583505),
(4800, 29583505),
(5258, 29583505),
(5716, 29583505),
(6174, 29583505),
(6632, 29583505),
(7090, 29583505),
(7548, 29583505),
(226, 29583747),
(684, 29583747),
(1142, 29583747),
(1600, 29583747),
(2058, 29583747),
(2516, 29583747),
(2974, 29583747),
(3432, 29583747),
(3890, 29583747),
(4348, 29583747),
(4806, 29583747),
(5264, 29583747),
(5722, 29583747),
(6180, 29583747),
(6638, 29583747),
(7096, 29583747),
(7554, 29583747),
(216, 29588498),
(674, 29588498),
(1132, 29588498),
(1590, 29588498),
(2048, 29588498),
(2506, 29588498),
(2964, 29588498),
(3422, 29588498),
(3880, 29588498),
(4338, 29588498),
(4796, 29588498),
(5254, 29588498),
(5712, 29588498),
(6170, 29588498),
(6628, 29588498),
(7086, 29588498),
(7544, 29588498),
(222, 29590761),
(680, 29590761),
(1138, 29590761),
(1596, 29590761),
(2054, 29590761),
(2512, 29590761),
(2970, 29590761),
(3428, 29590761),
(3886, 29590761),
(4344, 29590761),
(4802, 29590761),
(5260, 29590761),
(5718, 29590761),
(6176, 29590761),
(6634, 29590761),
(7092, 29590761),
(7550, 29590761),
(440, 29706484),
(898, 29706484),
(1356, 29706484),
(1814, 29706484),
(2272, 29706484),
(2730, 29706484),
(3188, 29706484),
(3646, 29706484),
(4104, 29706484),
(4562, 29706484),
(5020, 29706484),
(5478, 29706484),
(5936, 29706484),
(6394, 29706484),
(6852, 29706484),
(7310, 29706484),
(206, 29739819),
(664, 29739819),
(1122, 29739819),
(1580, 29739819),
(2038, 29739819),
(2496, 29739819),
(2954, 29739819),
(3412, 29739819),
(3870, 29739819),
(4328, 29739819),
(4786, 29739819),
(5244, 29739819),
(5702, 29739819),
(6160, 29739819),
(6618, 29739819),
(7076, 29739819),
(7534, 29739819),
(200, 29939072),
(658, 29939072),
(1116, 29939072),
(1574, 29939072),
(2032, 29939072),
(2490, 29939072),
(2948, 29939072),
(3406, 29939072),
(3864, 29939072),
(4322, 29939072),
(4780, 29939072),
(5238, 29939072),
(5696, 29939072),
(6154, 29939072),
(6612, 29939072),
(7070, 29939072),
(7528, 29939072),
(29, 29939568),
(487, 29939568),
(945, 29939568),
(1403, 29939568),
(1861, 29939568),
(2319, 29939568),
(2777, 29939568),
(3235, 29939568),
(3693, 29939568),
(4151, 29939568),
(4609, 29939568),
(5067, 29939568),
(5525, 29939568),
(5983, 29939568),
(6441, 29939568),
(6899, 29939568),
(7357, 29939568),
(58, 29939692),
(516, 29939692),
(974, 29939692),
(1432, 29939692),
(1890, 29939692),
(2348, 29939692),
(2806, 29939692),
(3264, 29939692),
(3722, 29939692),
(4180, 29939692),
(4638, 29939692),
(5096, 29939692),
(5554, 29939692),
(6012, 29939692),
(6470, 29939692),
(6928, 29939692),
(7386, 29939692),
(143, 29939725),
(601, 29939725),
(1059, 29939725),
(1517, 29939725),
(1975, 29939725),
(2433, 29939725),
(2891, 29939725),
(3349, 29939725),
(3807, 29939725),
(4265, 29939725),
(4723, 29939725),
(5181, 29939725),
(5639, 29939725),
(6097, 29939725),
(6555, 29939725),
(7013, 29939725),
(7471, 29939725),
(203, 29939914),
(661, 29939914),
(1119, 29939914),
(1577, 29939914),
(2035, 29939914),
(2493, 29939914),
(2951, 29939914),
(3409, 29939914),
(3867, 29939914),
(4325, 29939914),
(4783, 29939914),
(5241, 29939914),
(5699, 29939914),
(6157, 29939914),
(6615, 29939914),
(7073, 29939914),
(7531, 29939914),
(201, 29939960),
(659, 29939960),
(1117, 29939960),
(1575, 29939960),
(2033, 29939960),
(2491, 29939960),
(2949, 29939960),
(3407, 29939960),
(3865, 29939960),
(4323, 29939960),
(4781, 29939960),
(5239, 29939960),
(5697, 29939960),
(6155, 29939960),
(6613, 29939960),
(7071, 29939960),
(7529, 29939960),
(65, 29939992),
(523, 29939992),
(981, 29939992),
(1439, 29939992),
(1897, 29939992),
(2355, 29939992),
(2813, 29939992),
(3271, 29939992),
(3729, 29939992),
(4187, 29939992),
(4645, 29939992),
(5103, 29939992),
(5561, 29939992),
(6019, 29939992),
(6477, 29939992),
(6935, 29939992),
(7393, 29939992),
(20, 29940559),
(478, 29940559),
(936, 29940559),
(1394, 29940559),
(1852, 29940559),
(2310, 29940559),
(2768, 29940559),
(3226, 29940559),
(3684, 29940559),
(4142, 29940559),
(4600, 29940559),
(5058, 29940559),
(5516, 29940559),
(5974, 29940559),
(6432, 29940559),
(6890, 29940559),
(7348, 29940559),
(34, 29940640),
(492, 29940640),
(950, 29940640),
(1408, 29940640),
(1866, 29940640),
(2324, 29940640),
(2782, 29940640),
(3240, 29940640),
(3698, 29940640),
(4156, 29940640),
(4614, 29940640),
(5072, 29940640),
(5530, 29940640),
(5988, 29940640),
(6446, 29940640),
(6904, 29940640),
(7362, 29940640),
(114, 29972686),
(572, 29972686),
(1030, 29972686),
(1488, 29972686),
(1946, 29972686),
(2404, 29972686),
(2862, 29972686),
(3320, 29972686),
(3778, 29972686),
(4236, 29972686),
(4694, 29972686),
(5152, 29972686),
(5610, 29972686),
(6068, 29972686),
(6526, 29972686),
(6984, 29972686),
(7442, 29972686),
(139, 29974866),
(597, 29974866),
(1055, 29974866),
(1513, 29974866),
(1971, 29974866),
(2429, 29974866),
(2887, 29974866),
(3345, 29974866),
(3803, 29974866),
(4261, 29974866),
(4719, 29974866),
(5177, 29974866),
(5635, 29974866),
(6093, 29974866),
(6551, 29974866),
(7009, 29974866),
(7467, 29974866),
(217, 29974963),
(675, 29974963),
(1133, 29974963),
(1591, 29974963),
(2049, 29974963),
(2507, 29974963),
(2965, 29974963),
(3423, 29974963),
(3881, 29974963),
(4339, 29974963),
(4797, 29974963),
(5255, 29974963),
(5713, 29974963),
(6171, 29974963),
(6629, 29974963),
(7087, 29974963),
(7545, 29974963),
(54, 29975371),
(512, 29975371),
(970, 29975371),
(1428, 29975371),
(1886, 29975371),
(2344, 29975371),
(2802, 29975371),
(3260, 29975371),
(3718, 29975371),
(4176, 29975371),
(4634, 29975371),
(5092, 29975371),
(5550, 29975371),
(6008, 29975371),
(6466, 29975371),
(6924, 29975371),
(7382, 29975371),
(162, 29978450),
(620, 29978450),
(1078, 29978450),
(1536, 29978450),
(1994, 29978450),
(2452, 29978450),
(2910, 29978450),
(3368, 29978450),
(3826, 29978450),
(4284, 29978450),
(4742, 29978450),
(5200, 29978450),
(5658, 29978450),
(6116, 29978450),
(6574, 29978450),
(7032, 29978450),
(7490, 29978450),
(146, 30325135),
(604, 30325135),
(1062, 30325135),
(1520, 30325135),
(1978, 30325135),
(2436, 30325135),
(2894, 30325135),
(3352, 30325135),
(3810, 30325135),
(4268, 30325135),
(4726, 30325135),
(5184, 30325135),
(5642, 30325135),
(6100, 30325135),
(6558, 30325135),
(7016, 30325135),
(7474, 30325135),
(391, 31096304),
(849, 31096304),
(1307, 31096304),
(1765, 31096304),
(2223, 31096304),
(2681, 31096304),
(3139, 31096304),
(3597, 31096304),
(4055, 31096304),
(4513, 31096304),
(4971, 31096304),
(5429, 31096304),
(5887, 31096304),
(6345, 31096304),
(6803, 31096304),
(7261, 31096304),
(169, 31176012),
(627, 31176012),
(1085, 31176012),
(1543, 31176012),
(2001, 31176012),
(2459, 31176012),
(2917, 31176012),
(3375, 31176012),
(3833, 31176012),
(4291, 31176012),
(4749, 31176012),
(5207, 31176012),
(5665, 31176012),
(6123, 31176012),
(6581, 31176012),
(7039, 31176012),
(7497, 31176012),
(371, 31187300),
(829, 31187300),
(1287, 31187300),
(1745, 31187300),
(2203, 31187300),
(2661, 31187300),
(3119, 31187300),
(3577, 31187300),
(4035, 31187300),
(4493, 31187300),
(4951, 31187300),
(5409, 31187300),
(5867, 31187300),
(6325, 31187300),
(6783, 31187300),
(7241, 31187300),
(349, 31206644),
(807, 31206644),
(1265, 31206644),
(1723, 31206644),
(2181, 31206644),
(2639, 31206644),
(3097, 31206644),
(3555, 31206644),
(4013, 31206644),
(4471, 31206644),
(4929, 31206644),
(5387, 31206644),
(5845, 31206644),
(6303, 31206644),
(6761, 31206644),
(7219, 31206644),
(157, 31239727),
(615, 31239727),
(1073, 31239727),
(1531, 31239727),
(1989, 31239727),
(2447, 31239727),
(2905, 31239727),
(3363, 31239727),
(3821, 31239727),
(4279, 31239727),
(4737, 31239727),
(5195, 31239727),
(5653, 31239727),
(6111, 31239727),
(6569, 31239727),
(7027, 31239727),
(7485, 31239727),
(111, 31253205),
(569, 31253205),
(1027, 31253205),
(1485, 31253205),
(1943, 31253205),
(2401, 31253205),
(2859, 31253205),
(3317, 31253205),
(3775, 31253205),
(4233, 31253205),
(4691, 31253205),
(5149, 31253205),
(5607, 31253205),
(6065, 31253205),
(6523, 31253205),
(6981, 31253205),
(7439, 31253205),
(306, 31259206),
(764, 31259206),
(1222, 31259206),
(1680, 31259206),
(2138, 31259206),
(2596, 31259206),
(3054, 31259206),
(3512, 31259206),
(3970, 31259206),
(4428, 31259206),
(4886, 31259206),
(5344, 31259206),
(5802, 31259206),
(6260, 31259206),
(6718, 31259206),
(7176, 31259206),
(183, 31287726),
(641, 31287726),
(1099, 31287726),
(1557, 31287726),
(2015, 31287726),
(2473, 31287726),
(2931, 31287726),
(3389, 31287726),
(3847, 31287726),
(4305, 31287726),
(4763, 31287726),
(5221, 31287726),
(5679, 31287726),
(6137, 31287726),
(6595, 31287726),
(7053, 31287726),
(7511, 31287726),
(176, 31305265),
(634, 31305265),
(1092, 31305265),
(1550, 31305265),
(2008, 31305265),
(2466, 31305265),
(2924, 31305265),
(3382, 31305265),
(3840, 31305265),
(4298, 31305265),
(4756, 31305265),
(5214, 31305265),
(5672, 31305265),
(6130, 31305265),
(6588, 31305265),
(7046, 31305265),
(7504, 31305265),
(40, 31307182),
(498, 31307182),
(956, 31307182),
(1414, 31307182),
(1872, 31307182),
(2330, 31307182),
(2788, 31307182),
(3246, 31307182),
(3704, 31307182),
(4162, 31307182),
(4620, 31307182),
(5078, 31307182),
(5536, 31307182),
(5994, 31307182),
(6452, 31307182),
(6910, 31307182),
(7368, 31307182),
(236, 31307215),
(694, 31307215),
(1152, 31307215),
(1610, 31307215),
(2068, 31307215),
(2526, 31307215),
(2984, 31307215),
(3442, 31307215),
(3900, 31307215),
(4358, 31307215),
(4816, 31307215),
(5274, 31307215),
(5732, 31307215),
(6190, 31307215),
(6648, 31307215),
(7106, 31307215),
(7564, 31307215),
(99, 31321246),
(557, 31321246),
(1015, 31321246),
(1473, 31321246),
(1931, 31321246),
(2389, 31321246),
(2847, 31321246),
(3305, 31321246),
(3763, 31321246),
(4221, 31321246),
(4679, 31321246),
(5137, 31321246),
(5595, 31321246),
(6053, 31321246),
(6511, 31321246),
(6969, 31321246),
(7427, 31321246),
(178, 31375421),
(636, 31375421),
(1094, 31375421),
(1552, 31375421),
(2010, 31375421),
(2468, 31375421),
(2926, 31375421),
(3384, 31375421),
(3842, 31375421),
(4300, 31375421),
(4758, 31375421),
(5216, 31375421),
(5674, 31375421),
(6132, 31375421),
(6590, 31375421),
(7048, 31375421),
(7506, 31375421),
(19, 31419864),
(477, 31419864),
(935, 31419864),
(1393, 31419864),
(1851, 31419864),
(2309, 31419864),
(2767, 31419864),
(3225, 31419864),
(3683, 31419864),
(4141, 31419864),
(4599, 31419864),
(5057, 31419864),
(5515, 31419864),
(5973, 31419864),
(6431, 31419864),
(6889, 31419864),
(7347, 31419864),
(442, 31426289),
(900, 31426289),
(1358, 31426289),
(1816, 31426289),
(2274, 31426289),
(2732, 31426289),
(3190, 31426289),
(3648, 31426289),
(4106, 31426289),
(4564, 31426289),
(5022, 31426289),
(5480, 31426289),
(5938, 31426289),
(6396, 31426289),
(6854, 31426289),
(7312, 31426289),
(307, 31446072),
(765, 31446072),
(1223, 31446072),
(1681, 31446072),
(2139, 31446072),
(2597, 31446072),
(3055, 31446072),
(3513, 31446072),
(3971, 31446072),
(4429, 31446072),
(4887, 31446072),
(5345, 31446072),
(5803, 31446072),
(6261, 31446072),
(6719, 31446072),
(7177, 31446072),
(309, 31446075),
(767, 31446075),
(1225, 31446075),
(1683, 31446075),
(2141, 31446075),
(2599, 31446075),
(3057, 31446075),
(3515, 31446075),
(3973, 31446075),
(4431, 31446075),
(4889, 31446075),
(5347, 31446075),
(5805, 31446075),
(6263, 31446075),
(6721, 31446075),
(7179, 31446075),
(311, 31446160),
(769, 31446160),
(1227, 31446160),
(1685, 31446160),
(2143, 31446160),
(2601, 31446160),
(3059, 31446160),
(3517, 31446160),
(3975, 31446160),
(4433, 31446160),
(4891, 31446160),
(5349, 31446160),
(5807, 31446160),
(6265, 31446160),
(6723, 31446160),
(7181, 31446160),
(376, 31448561),
(834, 31448561),
(1292, 31448561),
(1750, 31448561),
(2208, 31448561),
(2666, 31448561),
(3124, 31448561),
(3582, 31448561),
(4040, 31448561),
(4498, 31448561),
(4956, 31448561),
(5414, 31448561),
(5872, 31448561),
(6330, 31448561),
(6788, 31448561),
(7246, 31448561),
(377, 31449517),
(835, 31449517),
(1293, 31449517),
(1751, 31449517),
(2209, 31449517),
(2667, 31449517),
(3125, 31449517),
(3583, 31449517),
(4041, 31449517),
(4499, 31449517),
(4957, 31449517),
(5415, 31449517),
(5873, 31449517),
(6331, 31449517),
(6789, 31449517),
(7247, 31449517),
(49, 31465743),
(507, 31465743),
(965, 31465743),
(1423, 31465743),
(1881, 31465743),
(2339, 31465743),
(2797, 31465743),
(3255, 31465743),
(3713, 31465743),
(4171, 31465743),
(4629, 31465743),
(5087, 31465743),
(5545, 31465743),
(6003, 31465743),
(6461, 31465743),
(6919, 31465743),
(7377, 31465743),
(70, 31467721),
(528, 31467721),
(986, 31467721),
(1444, 31467721),
(1902, 31467721),
(2360, 31467721),
(2818, 31467721),
(3276, 31467721),
(3734, 31467721),
(4192, 31467721),
(4650, 31467721),
(5108, 31467721),
(5566, 31467721),
(6024, 31467721),
(6482, 31467721),
(6940, 31467721),
(7398, 31467721),
(142, 31467740),
(600, 31467740),
(1058, 31467740),
(1516, 31467740),
(1974, 31467740),
(2432, 31467740),
(2890, 31467740),
(3348, 31467740),
(3806, 31467740),
(4264, 31467740),
(4722, 31467740),
(5180, 31467740),
(5638, 31467740),
(6096, 31467740),
(6554, 31467740),
(7012, 31467740),
(7470, 31467740),
(127, 31470195),
(585, 31470195),
(1043, 31470195),
(1501, 31470195),
(1959, 31470195),
(2417, 31470195),
(2875, 31470195),
(3333, 31470195),
(3791, 31470195),
(4249, 31470195),
(4707, 31470195),
(5165, 31470195),
(5623, 31470195),
(6081, 31470195),
(6539, 31470195),
(6997, 31470195),
(7455, 31470195),
(151, 31470541),
(609, 31470541),
(1067, 31470541),
(1525, 31470541),
(1983, 31470541),
(2441, 31470541),
(2899, 31470541),
(3357, 31470541),
(3815, 31470541),
(4273, 31470541),
(4731, 31470541),
(5189, 31470541),
(5647, 31470541),
(6105, 31470541),
(6563, 31470541),
(7021, 31470541),
(7479, 31470541),
(180, 31471863),
(638, 31471863),
(1096, 31471863),
(1554, 31471863),
(2012, 31471863),
(2470, 31471863),
(2928, 31471863),
(3386, 31471863),
(3844, 31471863),
(4302, 31471863),
(4760, 31471863),
(5218, 31471863),
(5676, 31471863),
(6134, 31471863),
(6592, 31471863),
(7050, 31471863),
(7508, 31471863),
(122, 31471953),
(580, 31471953),
(1038, 31471953),
(1496, 31471953),
(1954, 31471953),
(2412, 31471953),
(2870, 31471953),
(3328, 31471953),
(3786, 31471953),
(4244, 31471953),
(4702, 31471953),
(5160, 31471953),
(5618, 31471953),
(6076, 31471953),
(6534, 31471953),
(6992, 31471953),
(7450, 31471953),
(190, 31472558),
(648, 31472558),
(1106, 31472558),
(1564, 31472558),
(2022, 31472558),
(2480, 31472558),
(2938, 31472558),
(3396, 31472558),
(3854, 31472558),
(4312, 31472558),
(4770, 31472558),
(5228, 31472558),
(5686, 31472558),
(6144, 31472558),
(6602, 31472558),
(7060, 31472558),
(7518, 31472558),
(182, 31472593),
(640, 31472593),
(1098, 31472593),
(1556, 31472593),
(2014, 31472593),
(2472, 31472593),
(2930, 31472593),
(3388, 31472593),
(3846, 31472593),
(4304, 31472593),
(4762, 31472593),
(5220, 31472593),
(5678, 31472593),
(6136, 31472593),
(6594, 31472593),
(7052, 31472593),
(7510, 31472593),
(160, 31472774),
(618, 31472774),
(1076, 31472774),
(1534, 31472774),
(1992, 31472774),
(2450, 31472774),
(2908, 31472774),
(3366, 31472774),
(3824, 31472774),
(4282, 31472774),
(4740, 31472774),
(5198, 31472774),
(5656, 31472774),
(6114, 31472774),
(6572, 31472774),
(7030, 31472774),
(7488, 31472774),
(50, 31472806),
(508, 31472806),
(966, 31472806),
(1424, 31472806),
(1882, 31472806),
(2340, 31472806),
(2798, 31472806),
(3256, 31472806),
(3714, 31472806),
(4172, 31472806),
(4630, 31472806),
(5088, 31472806),
(5546, 31472806),
(6004, 31472806),
(6462, 31472806),
(6920, 31472806),
(7378, 31472806),
(116, 31472979),
(574, 31472979),
(1032, 31472979),
(1490, 31472979),
(1948, 31472979),
(2406, 31472979),
(2864, 31472979),
(3322, 31472979),
(3780, 31472979),
(4238, 31472979),
(4696, 31472979),
(5154, 31472979),
(5612, 31472979),
(6070, 31472979),
(6528, 31472979),
(6986, 31472979),
(7444, 31472979),
(266, 31473464),
(724, 31473464),
(1182, 31473464),
(1640, 31473464),
(2098, 31473464),
(2556, 31473464),
(3014, 31473464),
(3472, 31473464),
(3930, 31473464),
(4388, 31473464),
(4846, 31473464),
(5304, 31473464),
(5762, 31473464),
(6220, 31473464),
(6678, 31473464),
(7136, 31473464),
(7594, 31473464),
(144, 31476793),
(602, 31476793),
(1060, 31476793),
(1518, 31476793),
(1976, 31476793),
(2434, 31476793),
(2892, 31476793),
(3350, 31476793),
(3808, 31476793),
(4266, 31476793),
(4724, 31476793),
(5182, 31476793),
(5640, 31476793),
(6098, 31476793),
(6556, 31476793),
(7014, 31476793),
(7472, 31476793),
(48, 31476856),
(506, 31476856),
(964, 31476856),
(1422, 31476856),
(1880, 31476856),
(2338, 31476856),
(2796, 31476856),
(3254, 31476856),
(3712, 31476856),
(4170, 31476856),
(4628, 31476856),
(5086, 31476856),
(5544, 31476856),
(6002, 31476856),
(6460, 31476856),
(6918, 31476856),
(7376, 31476856),
(60, 31477050),
(518, 31477050),
(976, 31477050),
(1434, 31477050),
(1892, 31477050),
(2350, 31477050),
(2808, 31477050),
(3266, 31477050),
(3724, 31477050),
(4182, 31477050),
(4640, 31477050),
(5098, 31477050),
(5556, 31477050),
(6014, 31477050),
(6472, 31477050),
(6930, 31477050),
(7388, 31477050),
(187, 31477074),
(645, 31477074),
(1103, 31477074),
(1561, 31477074),
(2019, 31477074),
(2477, 31477074),
(2935, 31477074),
(3393, 31477074),
(3851, 31477074),
(4309, 31477074),
(4767, 31477074),
(5225, 31477074),
(5683, 31477074),
(6141, 31477074),
(6599, 31477074),
(7057, 31477074),
(7515, 31477074),
(4, 31478141),
(462, 31478141),
(920, 31478141),
(1378, 31478141),
(1836, 31478141),
(2294, 31478141),
(2752, 31478141),
(3210, 31478141),
(3668, 31478141),
(4126, 31478141),
(4584, 31478141),
(5042, 31478141),
(5500, 31478141),
(5958, 31478141),
(6416, 31478141),
(6874, 31478141),
(7332, 31478141),
(62, 31478901),
(520, 31478901),
(978, 31478901),
(1436, 31478901),
(1894, 31478901),
(2352, 31478901),
(2810, 31478901),
(3268, 31478901),
(3726, 31478901),
(4184, 31478901),
(4642, 31478901),
(5100, 31478901),
(5558, 31478901),
(6016, 31478901),
(6474, 31478901),
(6932, 31478901),
(7390, 31478901),
(51, 31479210),
(509, 31479210),
(967, 31479210),
(1425, 31479210),
(1883, 31479210),
(2341, 31479210),
(2799, 31479210),
(3257, 31479210),
(3715, 31479210),
(4173, 31479210),
(4631, 31479210),
(5089, 31479210),
(5547, 31479210),
(6005, 31479210),
(6463, 31479210),
(6921, 31479210),
(7379, 31479210),
(152, 31479346),
(610, 31479346),
(1068, 31479346),
(1526, 31479346),
(1984, 31479346),
(2442, 31479346),
(2900, 31479346),
(3358, 31479346),
(3816, 31479346),
(4274, 31479346),
(4732, 31479346),
(5190, 31479346),
(5648, 31479346),
(6106, 31479346),
(6564, 31479346),
(7022, 31479346),
(7480, 31479346),
(128, 31479837),
(586, 31479837),
(1044, 31479837),
(1502, 31479837),
(1960, 31479837),
(2418, 31479837),
(2876, 31479837),
(3334, 31479837),
(3792, 31479837),
(4250, 31479837),
(4708, 31479837),
(5166, 31479837),
(5624, 31479837),
(6082, 31479837),
(6540, 31479837),
(6998, 31479837),
(7456, 31479837),
(90, 31480004),
(548, 31480004),
(1006, 31480004),
(1464, 31480004),
(1922, 31480004),
(2380, 31480004),
(2838, 31480004),
(3296, 31480004),
(3754, 31480004),
(4212, 31480004),
(4670, 31480004),
(5128, 31480004),
(5586, 31480004),
(6044, 31480004),
(6502, 31480004),
(6960, 31480004),
(7418, 31480004),
(249, 31480069),
(707, 31480069),
(1165, 31480069),
(1623, 31480069),
(2081, 31480069),
(2539, 31480069),
(2997, 31480069),
(3455, 31480069),
(3913, 31480069),
(4371, 31480069),
(4829, 31480069),
(5287, 31480069),
(5745, 31480069),
(6203, 31480069),
(6661, 31480069),
(7119, 31480069),
(7577, 31480069),
(18, 31480178),
(476, 31480178),
(934, 31480178),
(1392, 31480178),
(1850, 31480178),
(2308, 31480178),
(2766, 31480178),
(3224, 31480178),
(3682, 31480178),
(4140, 31480178),
(4598, 31480178),
(5056, 31480178),
(5514, 31480178),
(5972, 31480178),
(6430, 31480178),
(6888, 31480178),
(7346, 31480178),
(41, 31480786),
(499, 31480786),
(957, 31480786),
(1415, 31480786),
(1873, 31480786),
(2331, 31480786),
(2789, 31480786),
(3247, 31480786),
(3705, 31480786),
(4163, 31480786),
(4621, 31480786),
(5079, 31480786),
(5537, 31480786),
(5995, 31480786),
(6453, 31480786),
(6911, 31480786),
(7369, 31480786),
(164, 31481203),
(622, 31481203),
(1080, 31481203),
(1538, 31481203),
(1996, 31481203),
(2454, 31481203),
(2912, 31481203),
(3370, 31481203),
(3828, 31481203),
(4286, 31481203),
(4744, 31481203),
(5202, 31481203),
(5660, 31481203),
(6118, 31481203),
(6576, 31481203),
(7034, 31481203),
(7492, 31481203),
(138, 31481845),
(596, 31481845),
(1054, 31481845),
(1512, 31481845),
(1970, 31481845),
(2428, 31481845),
(2886, 31481845),
(3344, 31481845),
(3802, 31481845),
(4260, 31481845),
(4718, 31481845),
(5176, 31481845),
(5634, 31481845),
(6092, 31481845),
(6550, 31481845),
(7008, 31481845),
(7466, 31481845),
(72, 31483147),
(530, 31483147),
(988, 31483147),
(1446, 31483147),
(1904, 31483147),
(2362, 31483147),
(2820, 31483147),
(3278, 31483147),
(3736, 31483147),
(4194, 31483147),
(4652, 31483147),
(5110, 31483147),
(5568, 31483147),
(6026, 31483147),
(6484, 31483147),
(6942, 31483147),
(7400, 31483147),
(73, 31483384),
(531, 31483384),
(989, 31483384),
(1447, 31483384),
(1905, 31483384),
(2363, 31483384),
(2821, 31483384),
(3279, 31483384),
(3737, 31483384),
(4195, 31483384),
(4653, 31483384),
(5111, 31483384),
(5569, 31483384),
(6027, 31483384),
(6485, 31483384),
(6943, 31483384),
(7401, 31483384),
(43, 31483782),
(501, 31483782),
(959, 31483782),
(1417, 31483782),
(1875, 31483782),
(2333, 31483782),
(2791, 31483782),
(3249, 31483782),
(3707, 31483782),
(4165, 31483782),
(4623, 31483782),
(5081, 31483782),
(5539, 31483782),
(5997, 31483782),
(6455, 31483782),
(6913, 31483782),
(7371, 31483782),
(145, 31484024),
(603, 31484024),
(1061, 31484024),
(1519, 31484024),
(1977, 31484024),
(2435, 31484024),
(2893, 31484024),
(3351, 31484024),
(3809, 31484024),
(4267, 31484024),
(4725, 31484024),
(5183, 31484024),
(5641, 31484024),
(6099, 31484024),
(6557, 31484024),
(7015, 31484024),
(7473, 31484024),
(2, 31484705),
(460, 31484705),
(918, 31484705),
(1376, 31484705),
(1834, 31484705),
(2292, 31484705),
(2750, 31484705),
(3208, 31484705),
(3666, 31484705),
(4124, 31484705),
(4582, 31484705),
(5040, 31484705),
(5498, 31484705),
(5956, 31484705),
(6414, 31484705),
(6872, 31484705),
(7330, 31484705),
(185, 31484859),
(643, 31484859),
(1101, 31484859),
(1559, 31484859),
(2017, 31484859),
(2475, 31484859),
(2933, 31484859),
(3391, 31484859),
(3849, 31484859),
(4307, 31484859),
(4765, 31484859),
(5223, 31484859),
(5681, 31484859),
(6139, 31484859),
(6597, 31484859),
(7055, 31484859),
(7513, 31484859),
(264, 31484986),
(722, 31484986),
(1180, 31484986),
(1638, 31484986),
(2096, 31484986),
(2554, 31484986),
(3012, 31484986),
(3470, 31484986),
(3928, 31484986),
(4386, 31484986),
(4844, 31484986),
(5302, 31484986),
(5760, 31484986),
(6218, 31484986),
(6676, 31484986),
(7134, 31484986),
(7592, 31484986),
(86, 31485279),
(544, 31485279),
(1002, 31485279),
(1460, 31485279),
(1918, 31485279),
(2376, 31485279),
(2834, 31485279),
(3292, 31485279),
(3750, 31485279),
(4208, 31485279),
(4666, 31485279),
(5124, 31485279),
(5582, 31485279),
(6040, 31485279),
(6498, 31485279),
(6956, 31485279),
(7414, 31485279),
(76, 31485558),
(534, 31485558),
(992, 31485558),
(1450, 31485558),
(1908, 31485558),
(2366, 31485558),
(2824, 31485558),
(3282, 31485558),
(3740, 31485558),
(4198, 31485558),
(4656, 31485558),
(5114, 31485558),
(5572, 31485558),
(6030, 31485558),
(6488, 31485558),
(6946, 31485558),
(7404, 31485558),
(123, 31485706),
(581, 31485706),
(1039, 31485706),
(1497, 31485706),
(1955, 31485706),
(2413, 31485706),
(2871, 31485706),
(3329, 31485706),
(3787, 31485706),
(4245, 31485706),
(4703, 31485706),
(5161, 31485706),
(5619, 31485706),
(6077, 31485706),
(6535, 31485706),
(6993, 31485706),
(7451, 31485706),
(241, 31485849),
(699, 31485849),
(1157, 31485849),
(1615, 31485849),
(2073, 31485849),
(2531, 31485849),
(2989, 31485849),
(3447, 31485849),
(3905, 31485849),
(4363, 31485849),
(4821, 31485849),
(5279, 31485849),
(5737, 31485849),
(6195, 31485849),
(6653, 31485849),
(7111, 31485849),
(7569, 31485849),
(77, 31487985),
(535, 31487985),
(993, 31487985),
(1451, 31487985),
(1909, 31487985),
(2367, 31487985),
(2825, 31487985),
(3283, 31487985),
(3741, 31487985),
(4199, 31487985),
(4657, 31487985),
(5115, 31487985),
(5573, 31487985),
(6031, 31487985),
(6489, 31487985),
(6947, 31487985),
(7405, 31487985),
(109, 31488762),
(567, 31488762),
(1025, 31488762),
(1483, 31488762),
(1941, 31488762),
(2399, 31488762),
(2857, 31488762),
(3315, 31488762),
(3773, 31488762),
(4231, 31488762),
(4689, 31488762),
(5147, 31488762),
(5605, 31488762),
(6063, 31488762),
(6521, 31488762),
(6979, 31488762),
(7437, 31488762),
(362, 31520498),
(820, 31520498),
(1278, 31520498),
(1736, 31520498),
(2194, 31520498),
(2652, 31520498),
(3110, 31520498),
(3568, 31520498),
(4026, 31520498),
(4484, 31520498),
(4942, 31520498),
(5400, 31520498),
(5858, 31520498),
(6316, 31520498),
(6774, 31520498),
(7232, 31520498),
(417, 31521997),
(875, 31521997),
(1333, 31521997),
(1791, 31521997),
(2249, 31521997),
(2707, 31521997),
(3165, 31521997),
(3623, 31521997),
(4081, 31521997),
(4539, 31521997),
(4997, 31521997),
(5455, 31521997),
(5913, 31521997),
(6371, 31521997),
(6829, 31521997),
(7287, 31521997),
(314, 31523454),
(772, 31523454),
(1230, 31523454),
(1688, 31523454),
(2146, 31523454),
(2604, 31523454),
(3062, 31523454),
(3520, 31523454),
(3978, 31523454),
(4436, 31523454),
(4894, 31523454),
(5352, 31523454),
(5810, 31523454),
(6268, 31523454),
(6726, 31523454),
(7184, 31523454),
(353, 31524702),
(811, 31524702),
(1269, 31524702),
(1727, 31524702),
(2185, 31524702),
(2643, 31524702),
(3101, 31524702),
(3559, 31524702),
(4017, 31524702),
(4475, 31524702),
(4933, 31524702),
(5391, 31524702),
(5849, 31524702),
(6307, 31524702),
(6765, 31524702),
(7223, 31524702),
(345, 31525922),
(803, 31525922),
(1261, 31525922),
(1719, 31525922),
(2177, 31525922),
(2635, 31525922),
(3093, 31525922),
(3551, 31525922),
(4009, 31525922),
(4467, 31525922),
(4925, 31525922),
(5383, 31525922),
(5841, 31525922),
(6299, 31525922),
(6757, 31525922),
(7215, 31525922),
(352, 31526727),
(810, 31526727),
(1268, 31526727),
(1726, 31526727),
(2184, 31526727),
(2642, 31526727),
(3100, 31526727),
(3558, 31526727),
(4016, 31526727),
(4474, 31526727),
(4932, 31526727),
(5390, 31526727),
(5848, 31526727),
(6306, 31526727),
(6764, 31526727),
(7222, 31526727),
(354, 31526956),
(812, 31526956),
(1270, 31526956),
(1728, 31526956),
(2186, 31526956),
(2644, 31526956),
(3102, 31526956),
(3560, 31526956),
(4018, 31526956),
(4476, 31526956),
(4934, 31526956),
(5392, 31526956),
(5850, 31526956),
(6308, 31526956),
(6766, 31526956),
(7224, 31526956),
(346, 31529165),
(804, 31529165),
(1262, 31529165),
(1720, 31529165),
(2178, 31529165),
(2636, 31529165),
(3094, 31529165),
(3552, 31529165),
(4010, 31529165),
(4468, 31529165),
(4926, 31529165),
(5384, 31529165),
(5842, 31529165),
(6300, 31529165),
(6758, 31529165),
(7216, 31529165),
(378, 31529537),
(836, 31529537),
(1294, 31529537),
(1752, 31529537),
(2210, 31529537),
(2668, 31529537),
(3126, 31529537),
(3584, 31529537),
(4042, 31529537),
(4500, 31529537),
(4958, 31529537),
(5416, 31529537),
(5874, 31529537),
(6332, 31529537),
(6790, 31529537),
(7248, 31529537),
(367, 31529637),
(825, 31529637),
(1283, 31529637),
(1741, 31529637),
(2199, 31529637),
(2657, 31529637),
(3115, 31529637),
(3573, 31529637),
(4031, 31529637),
(4489, 31529637),
(4947, 31529637),
(5405, 31529637),
(5863, 31529637),
(6321, 31529637),
(6779, 31529637),
(7237, 31529637),
(400, 31529715),
(858, 31529715),
(1316, 31529715),
(1774, 31529715),
(2232, 31529715),
(2690, 31529715),
(3148, 31529715),
(3606, 31529715),
(4064, 31529715),
(4522, 31529715),
(4980, 31529715),
(5438, 31529715),
(5896, 31529715),
(6354, 31529715),
(6812, 31529715),
(7270, 31529715),
(386, 31530942),
(844, 31530942),
(1302, 31530942),
(1760, 31530942),
(2218, 31530942),
(2676, 31530942),
(3134, 31530942),
(3592, 31530942),
(4050, 31530942),
(4508, 31530942),
(4966, 31530942),
(5424, 31530942),
(5882, 31530942),
(6340, 31530942),
(6798, 31530942),
(7256, 31530942),
(316, 31531235),
(774, 31531235),
(1232, 31531235),
(1690, 31531235),
(2148, 31531235),
(2606, 31531235),
(3064, 31531235),
(3522, 31531235),
(3980, 31531235),
(4438, 31531235),
(4896, 31531235),
(5354, 31531235),
(5812, 31531235),
(6270, 31531235),
(6728, 31531235),
(7186, 31531235),
(372, 31531492),
(830, 31531492),
(1288, 31531492),
(1746, 31531492),
(2204, 31531492),
(2662, 31531492),
(3120, 31531492),
(3578, 31531492),
(4036, 31531492),
(4494, 31531492),
(4952, 31531492),
(5410, 31531492),
(5868, 31531492),
(6326, 31531492),
(6784, 31531492),
(7242, 31531492),
(335, 31531716),
(793, 31531716),
(1251, 31531716),
(1709, 31531716),
(2167, 31531716),
(2625, 31531716),
(3083, 31531716),
(3541, 31531716),
(3999, 31531716),
(4457, 31531716),
(4915, 31531716),
(5373, 31531716),
(5831, 31531716),
(6289, 31531716),
(6747, 31531716),
(7205, 31531716),
(320, 31532232),
(778, 31532232),
(1236, 31532232),
(1694, 31532232),
(2152, 31532232),
(2610, 31532232),
(3068, 31532232),
(3526, 31532232),
(3984, 31532232),
(4442, 31532232),
(4900, 31532232),
(5358, 31532232),
(5816, 31532232),
(6274, 31532232),
(6732, 31532232),
(7190, 31532232),
(373, 31532864),
(831, 31532864),
(1289, 31532864),
(1747, 31532864),
(2205, 31532864),
(2663, 31532864),
(3121, 31532864),
(3579, 31532864),
(4037, 31532864),
(4495, 31532864),
(4953, 31532864),
(5411, 31532864),
(5869, 31532864),
(6327, 31532864),
(6785, 31532864),
(7243, 31532864),
(348, 31534584),
(806, 31534584),
(1264, 31534584),
(1722, 31534584),
(2180, 31534584),
(2638, 31534584),
(3096, 31534584),
(3554, 31534584),
(4012, 31534584),
(4470, 31534584),
(4928, 31534584),
(5386, 31534584),
(5844, 31534584),
(6302, 31534584),
(6760, 31534584),
(7218, 31534584),
(270, 31534623),
(728, 31534623),
(1186, 31534623),
(1644, 31534623),
(2102, 31534623),
(2560, 31534623),
(3018, 31534623),
(3476, 31534623),
(3934, 31534623),
(4392, 31534623),
(4850, 31534623),
(5308, 31534623),
(5766, 31534623),
(6224, 31534623),
(6682, 31534623),
(7140, 31534623),
(7598, 31534623),
(281, 31538070),
(739, 31538070),
(1197, 31538070),
(1655, 31538070),
(2113, 31538070),
(2571, 31538070),
(3029, 31538070),
(3487, 31538070),
(3945, 31538070),
(4403, 31538070),
(4861, 31538070),
(5319, 31538070),
(5777, 31538070),
(6235, 31538070),
(6693, 31538070),
(7151, 31538070),
(7609, 31538070),
(361, 31538127),
(819, 31538127),
(1277, 31538127),
(1735, 31538127),
(2193, 31538127),
(2651, 31538127),
(3109, 31538127),
(3567, 31538127),
(4025, 31538127),
(4483, 31538127),
(4941, 31538127),
(5399, 31538127),
(5857, 31538127),
(6315, 31538127),
(6773, 31538127),
(7231, 31538127),
(321, 31539809),
(779, 31539809),
(1237, 31539809),
(1695, 31539809),
(2153, 31539809),
(2611, 31539809),
(3069, 31539809),
(3527, 31539809),
(3985, 31539809),
(4443, 31539809),
(4901, 31539809),
(5359, 31539809),
(5817, 31539809),
(6275, 31539809),
(6733, 31539809),
(7191, 31539809),
(449, 31571035),
(907, 31571035),
(1365, 31571035),
(1823, 31571035),
(2281, 31571035),
(2739, 31571035),
(3197, 31571035),
(3655, 31571035),
(4113, 31571035),
(4571, 31571035),
(5029, 31571035),
(5487, 31571035),
(5945, 31571035),
(6403, 31571035),
(6861, 31571035),
(7319, 31571035),
(286, 31713261),
(744, 31713261),
(1202, 31713261),
(1660, 31713261),
(2118, 31713261),
(2576, 31713261),
(3034, 31713261),
(3492, 31713261),
(3950, 31713261),
(4408, 31713261),
(4866, 31713261),
(5324, 31713261),
(5782, 31713261),
(6240, 31713261),
(6698, 31713261),
(7156, 31713261),
(210, 31725030),
(668, 31725030),
(1126, 31725030),
(1584, 31725030),
(2042, 31725030),
(2500, 31725030),
(2958, 31725030),
(3416, 31725030),
(3874, 31725030),
(4332, 31725030),
(4790, 31725030),
(5248, 31725030),
(5706, 31725030),
(6164, 31725030),
(6622, 31725030),
(7080, 31725030),
(7538, 31725030),
(174, 31790901),
(632, 31790901),
(1090, 31790901),
(1548, 31790901),
(2006, 31790901),
(2464, 31790901),
(2922, 31790901),
(3380, 31790901),
(3838, 31790901),
(4296, 31790901),
(4754, 31790901),
(5212, 31790901),
(5670, 31790901),
(6128, 31790901),
(6586, 31790901),
(7044, 31790901),
(7502, 31790901),
(115, 31839600),
(573, 31839600),
(1031, 31839600),
(1489, 31839600),
(1947, 31839600),
(2405, 31839600),
(2863, 31839600),
(3321, 31839600),
(3779, 31839600),
(4237, 31839600),
(4695, 31839600),
(5153, 31839600),
(5611, 31839600),
(6069, 31839600),
(6527, 31839600),
(6985, 31839600),
(7443, 31839600),
(196, 31848408),
(654, 31848408),
(1112, 31848408),
(1570, 31848408),
(2028, 31848408),
(2486, 31848408),
(2944, 31848408),
(3402, 31848408),
(3860, 31848408),
(4318, 31848408),
(4776, 31848408),
(5234, 31848408),
(5692, 31848408),
(6150, 31848408),
(6608, 31848408),
(7066, 31848408),
(7524, 31848408),
(153, 31868794),
(611, 31868794),
(1069, 31868794),
(1527, 31868794),
(1985, 31868794),
(2443, 31868794),
(2901, 31868794),
(3359, 31868794),
(3817, 31868794),
(4275, 31868794),
(4733, 31868794),
(5191, 31868794),
(5649, 31868794),
(6107, 31868794),
(6565, 31868794),
(7023, 31868794),
(7481, 31868794),
(79, 31878200),
(537, 31878200),
(995, 31878200),
(1453, 31878200),
(1911, 31878200),
(2369, 31878200),
(2827, 31878200),
(3285, 31878200),
(3743, 31878200),
(4201, 31878200),
(4659, 31878200),
(5117, 31878200),
(5575, 31878200),
(6033, 31878200),
(6491, 31878200),
(6949, 31878200),
(7407, 31878200),
(126, 31940983),
(584, 31940983),
(1042, 31940983),
(1500, 31940983),
(1958, 31940983),
(2416, 31940983),
(2874, 31940983),
(3332, 31940983),
(3790, 31940983),
(4248, 31940983),
(4706, 31940983),
(5164, 31940983),
(5622, 31940983),
(6080, 31940983),
(6538, 31940983),
(6996, 31940983),
(7454, 31940983),
(285, 31945823),
(743, 31945823),
(1201, 31945823),
(1659, 31945823),
(2117, 31945823),
(2575, 31945823),
(3033, 31945823),
(3491, 31945823),
(3949, 31945823),
(4407, 31945823),
(4865, 31945823),
(5323, 31945823),
(5781, 31945823),
(6239, 31945823),
(6697, 31945823),
(7155, 31945823),
(7613, 31945823),
(389, 31946481);
INSERT INTO `numeros` (`numero`, `id_cedula`) VALUES
(847, 31946481),
(1305, 31946481),
(1763, 31946481),
(2221, 31946481),
(2679, 31946481),
(3137, 31946481),
(3595, 31946481),
(4053, 31946481),
(4511, 31946481),
(4969, 31946481),
(5427, 31946481),
(5885, 31946481),
(6343, 31946481),
(6801, 31946481),
(7259, 31946481),
(112, 31959972),
(570, 31959972),
(1028, 31959972),
(1486, 31959972),
(1944, 31959972),
(2402, 31959972),
(2860, 31959972),
(3318, 31959972),
(3776, 31959972),
(4234, 31959972),
(4692, 31959972),
(5150, 31959972),
(5608, 31959972),
(6066, 31959972),
(6524, 31959972),
(6982, 31959972),
(7440, 31959972),
(330, 31964307),
(788, 31964307),
(1246, 31964307),
(1704, 31964307),
(2162, 31964307),
(2620, 31964307),
(3078, 31964307),
(3536, 31964307),
(3994, 31964307),
(4452, 31964307),
(4910, 31964307),
(5368, 31964307),
(5826, 31964307),
(6284, 31964307),
(6742, 31964307),
(7200, 31964307),
(159, 31967533),
(617, 31967533),
(1075, 31967533),
(1533, 31967533),
(1991, 31967533),
(2449, 31967533),
(2907, 31967533),
(3365, 31967533),
(3823, 31967533),
(4281, 31967533),
(4739, 31967533),
(5197, 31967533),
(5655, 31967533),
(6113, 31967533),
(6571, 31967533),
(7029, 31967533),
(7487, 31967533),
(188, 31969836),
(646, 31969836),
(1104, 31969836),
(1562, 31969836),
(2020, 31969836),
(2478, 31969836),
(2936, 31969836),
(3394, 31969836),
(3852, 31969836),
(4310, 31969836),
(4768, 31969836),
(5226, 31969836),
(5684, 31969836),
(6142, 31969836),
(6600, 31969836),
(7058, 31969836),
(7516, 31969836),
(356, 31979502),
(814, 31979502),
(1272, 31979502),
(1730, 31979502),
(2188, 31979502),
(2646, 31979502),
(3104, 31979502),
(3562, 31979502),
(4020, 31979502),
(4478, 31979502),
(4936, 31979502),
(5394, 31979502),
(5852, 31979502),
(6310, 31979502),
(6768, 31979502),
(7226, 31979502),
(81, 31992725),
(539, 31992725),
(997, 31992725),
(1455, 31992725),
(1913, 31992725),
(2371, 31992725),
(2829, 31992725),
(3287, 31992725),
(3745, 31992725),
(4203, 31992725),
(4661, 31992725),
(5119, 31992725),
(5577, 31992725),
(6035, 31992725),
(6493, 31992725),
(6951, 31992725),
(7409, 31992725),
(165, 31993633),
(623, 31993633),
(1081, 31993633),
(1539, 31993633),
(1997, 31993633),
(2455, 31993633),
(2913, 31993633),
(3371, 31993633),
(3829, 31993633),
(4287, 31993633),
(4745, 31993633),
(5203, 31993633),
(5661, 31993633),
(6119, 31993633),
(6577, 31993633),
(7035, 31993633),
(7493, 31993633),
(129, 31996513),
(587, 31996513),
(1045, 31996513),
(1503, 31996513),
(1961, 31996513),
(2419, 31996513),
(2877, 31996513),
(3335, 31996513),
(3793, 31996513),
(4251, 31996513),
(4709, 31996513),
(5167, 31996513),
(5625, 31996513),
(6083, 31996513),
(6541, 31996513),
(6999, 31996513),
(7457, 31996513),
(230, 33750183),
(688, 33750183),
(1146, 33750183),
(1604, 33750183),
(2062, 33750183),
(2520, 33750183),
(2978, 33750183),
(3436, 33750183),
(3894, 33750183),
(4352, 33750183),
(4810, 33750183),
(5268, 33750183),
(5726, 33750183),
(6184, 33750183),
(6642, 33750183),
(7100, 33750183),
(7558, 33750183),
(39, 34551003),
(497, 34551003),
(955, 34551003),
(1413, 34551003),
(1871, 34551003),
(2329, 34551003),
(2787, 34551003),
(3245, 34551003),
(3703, 34551003),
(4161, 34551003),
(4619, 34551003),
(5077, 34551003),
(5535, 34551003),
(5993, 34551003),
(6451, 34551003),
(6909, 34551003),
(7367, 34551003),
(436, 34609571),
(894, 34609571),
(1352, 34609571),
(1810, 34609571),
(2268, 34609571),
(2726, 34609571),
(3184, 34609571),
(3642, 34609571),
(4100, 34609571),
(4558, 34609571),
(5016, 34609571),
(5474, 34609571),
(5932, 34609571),
(6390, 34609571),
(6848, 34609571),
(7306, 34609571),
(407, 34637670),
(865, 34637670),
(1323, 34637670),
(1781, 34637670),
(2239, 34637670),
(2697, 34637670),
(3155, 34637670),
(3613, 34637670),
(4071, 34637670),
(4529, 34637670),
(4987, 34637670),
(5445, 34637670),
(5903, 34637670),
(6361, 34637670),
(6819, 34637670),
(7277, 34637670),
(336, 34673866),
(794, 34673866),
(1252, 34673866),
(1710, 34673866),
(2168, 34673866),
(2626, 34673866),
(3084, 34673866),
(3542, 34673866),
(4000, 34673866),
(4458, 34673866),
(4916, 34673866),
(5374, 34673866),
(5832, 34673866),
(6290, 34673866),
(6748, 34673866),
(7206, 34673866),
(382, 34674960),
(840, 34674960),
(1298, 34674960),
(1756, 34674960),
(2214, 34674960),
(2672, 34674960),
(3130, 34674960),
(3588, 34674960),
(4046, 34674960),
(4504, 34674960),
(4962, 34674960),
(5420, 34674960),
(5878, 34674960),
(6336, 34674960),
(6794, 34674960),
(7252, 34674960),
(193, 37926636),
(651, 37926636),
(1109, 37926636),
(1567, 37926636),
(2025, 37926636),
(2483, 37926636),
(2941, 37926636),
(3399, 37926636),
(3857, 37926636),
(4315, 37926636),
(4773, 37926636),
(5231, 37926636),
(5689, 37926636),
(6147, 37926636),
(6605, 37926636),
(7063, 37926636),
(7521, 37926636),
(69, 38461907),
(527, 38461907),
(985, 38461907),
(1443, 38461907),
(1901, 38461907),
(2359, 38461907),
(2817, 38461907),
(3275, 38461907),
(3733, 38461907),
(4191, 38461907),
(4649, 38461907),
(5107, 38461907),
(5565, 38461907),
(6023, 38461907),
(6481, 38461907),
(6939, 38461907),
(7397, 38461907),
(155, 38472732),
(613, 38472732),
(1071, 38472732),
(1529, 38472732),
(1987, 38472732),
(2445, 38472732),
(2903, 38472732),
(3361, 38472732),
(3819, 38472732),
(4277, 38472732),
(4735, 38472732),
(5193, 38472732),
(5651, 38472732),
(6109, 38472732),
(6567, 38472732),
(7025, 38472732),
(7483, 38472732),
(92, 38553570),
(550, 38553570),
(1008, 38553570),
(1466, 38553570),
(1924, 38553570),
(2382, 38553570),
(2840, 38553570),
(3298, 38553570),
(3756, 38553570),
(4214, 38553570),
(4672, 38553570),
(5130, 38553570),
(5588, 38553570),
(6046, 38553570),
(6504, 38553570),
(6962, 38553570),
(7420, 38553570),
(337, 38561100),
(795, 38561100),
(1253, 38561100),
(1711, 38561100),
(2169, 38561100),
(2627, 38561100),
(3085, 38561100),
(3543, 38561100),
(4001, 38561100),
(4459, 38561100),
(4917, 38561100),
(5375, 38561100),
(5833, 38561100),
(6291, 38561100),
(6749, 38561100),
(7207, 38561100),
(11, 38569844),
(469, 38569844),
(927, 38569844),
(1385, 38569844),
(1843, 38569844),
(2301, 38569844),
(2759, 38569844),
(3217, 38569844),
(3675, 38569844),
(4133, 38569844),
(4591, 38569844),
(5049, 38569844),
(5507, 38569844),
(5965, 38569844),
(6423, 38569844),
(6881, 38569844),
(7339, 38569844),
(409, 38642123),
(867, 38642123),
(1325, 38642123),
(1783, 38642123),
(2241, 38642123),
(2699, 38642123),
(3157, 38642123),
(3615, 38642123),
(4073, 38642123),
(4531, 38642123),
(4989, 38642123),
(5447, 38642123),
(5905, 38642123),
(6363, 38642123),
(6821, 38642123),
(7279, 38642123),
(338, 38667988),
(796, 38667988),
(1254, 38667988),
(1712, 38667988),
(2170, 38667988),
(2628, 38667988),
(3086, 38667988),
(3544, 38667988),
(4002, 38667988),
(4460, 38667988),
(4918, 38667988),
(5376, 38667988),
(5834, 38667988),
(6292, 38667988),
(6750, 38667988),
(7208, 38667988),
(339, 38668841),
(797, 38668841),
(1255, 38668841),
(1713, 38668841),
(2171, 38668841),
(2629, 38668841),
(3087, 38668841),
(3545, 38668841),
(4003, 38668841),
(4461, 38668841),
(4919, 38668841),
(5377, 38668841),
(5835, 38668841),
(6293, 38668841),
(6751, 38668841),
(7209, 38668841),
(441, 38669111),
(899, 38669111),
(1357, 38669111),
(1815, 38669111),
(2273, 38669111),
(2731, 38669111),
(3189, 38669111),
(3647, 38669111),
(4105, 38669111),
(4563, 38669111),
(5021, 38669111),
(5479, 38669111),
(5937, 38669111),
(6395, 38669111),
(6853, 38669111),
(7311, 38669111),
(326, 38669793),
(784, 38669793),
(1242, 38669793),
(1700, 38669793),
(2158, 38669793),
(2616, 38669793),
(3074, 38669793),
(3532, 38669793),
(3990, 38669793),
(4448, 38669793),
(4906, 38669793),
(5364, 38669793),
(5822, 38669793),
(6280, 38669793),
(6738, 38669793),
(7196, 38669793),
(387, 38671176),
(845, 38671176),
(1303, 38671176),
(1761, 38671176),
(2219, 38671176),
(2677, 38671176),
(3135, 38671176),
(3593, 38671176),
(4051, 38671176),
(4509, 38671176),
(4967, 38671176),
(5425, 38671176),
(5883, 38671176),
(6341, 38671176),
(6799, 38671176),
(7257, 38671176),
(365, 38671412),
(823, 38671412),
(1281, 38671412),
(1739, 38671412),
(2197, 38671412),
(2655, 38671412),
(3113, 38671412),
(3571, 38671412),
(4029, 38671412),
(4487, 38671412),
(4945, 38671412),
(5403, 38671412),
(5861, 38671412),
(6319, 38671412),
(6777, 38671412),
(7235, 38671412),
(448, 38680117),
(906, 38680117),
(1364, 38680117),
(1822, 38680117),
(2280, 38680117),
(2738, 38680117),
(3196, 38680117),
(3654, 38680117),
(4112, 38680117),
(4570, 38680117),
(5028, 38680117),
(5486, 38680117),
(5944, 38680117),
(6402, 38680117),
(6860, 38680117),
(7318, 38680117),
(370, 38856832),
(828, 38856832),
(1286, 38856832),
(1744, 38856832),
(2202, 38856832),
(2660, 38856832),
(3118, 38856832),
(3576, 38856832),
(4034, 38856832),
(4492, 38856832),
(4950, 38856832),
(5408, 38856832),
(5866, 38856832),
(6324, 38856832),
(6782, 38856832),
(7240, 38856832),
(181, 38872539),
(639, 38872539),
(1097, 38872539),
(1555, 38872539),
(2013, 38872539),
(2471, 38872539),
(2929, 38872539),
(3387, 38872539),
(3845, 38872539),
(4303, 38872539),
(4761, 38872539),
(5219, 38872539),
(5677, 38872539),
(6135, 38872539),
(6593, 38872539),
(7051, 38872539),
(7509, 38872539),
(7, 38889593),
(465, 38889593),
(923, 38889593),
(1381, 38889593),
(1839, 38889593),
(2297, 38889593),
(2755, 38889593),
(3213, 38889593),
(3671, 38889593),
(4129, 38889593),
(4587, 38889593),
(5045, 38889593),
(5503, 38889593),
(5961, 38889593),
(6419, 38889593),
(6877, 38889593),
(7335, 38889593),
(239, 38943942),
(697, 38943942),
(1155, 38943942),
(1613, 38943942),
(2071, 38943942),
(2529, 38943942),
(2987, 38943942),
(3445, 38943942),
(3903, 38943942),
(4361, 38943942),
(4819, 38943942),
(5277, 38943942),
(5735, 38943942),
(6193, 38943942),
(6651, 38943942),
(7109, 38943942),
(7567, 38943942),
(360, 39840633),
(818, 39840633),
(1276, 39840633),
(1734, 39840633),
(2192, 39840633),
(2650, 39840633),
(3108, 39840633),
(3566, 39840633),
(4024, 39840633),
(4482, 39840633),
(4940, 39840633),
(5398, 39840633),
(5856, 39840633),
(6314, 39840633),
(6772, 39840633),
(7230, 39840633),
(425, 39841598),
(883, 39841598),
(1341, 39841598),
(1799, 39841598),
(2257, 39841598),
(2715, 39841598),
(3173, 39841598),
(3631, 39841598),
(4089, 39841598),
(4547, 39841598),
(5005, 39841598),
(5463, 39841598),
(5921, 39841598),
(6379, 39841598),
(6837, 39841598),
(7295, 39841598),
(325, 42082761),
(783, 42082761),
(1241, 42082761),
(1699, 42082761),
(2157, 42082761),
(2615, 42082761),
(3073, 42082761),
(3531, 42082761),
(3989, 42082761),
(4447, 42082761),
(4905, 42082761),
(5363, 42082761),
(5821, 42082761),
(6279, 42082761),
(6737, 42082761),
(7195, 42082761),
(26, 42935851),
(484, 42935851),
(942, 42935851),
(1400, 42935851),
(1858, 42935851),
(2316, 42935851),
(2774, 42935851),
(3232, 42935851),
(3690, 42935851),
(4148, 42935851),
(4606, 42935851),
(5064, 42935851),
(5522, 42935851),
(5980, 42935851),
(6438, 42935851),
(6896, 42935851),
(7354, 42935851),
(437, 46464646),
(895, 46464646),
(1353, 46464646),
(1811, 46464646),
(2269, 46464646),
(2727, 46464646),
(3185, 46464646),
(3643, 46464646),
(4101, 46464646),
(4559, 46464646),
(5017, 46464646),
(5475, 46464646),
(5933, 46464646),
(6391, 46464646),
(6849, 46464646),
(7307, 46464646),
(247, 47474747),
(705, 47474747),
(1163, 47474747),
(1621, 47474747),
(2079, 47474747),
(2537, 47474747),
(2995, 47474747),
(3453, 47474747),
(3911, 47474747),
(4369, 47474747),
(4827, 47474747),
(5285, 47474747),
(5743, 47474747),
(6201, 47474747),
(6659, 47474747),
(7117, 47474747),
(7575, 47474747),
(148, 48627366),
(606, 48627366),
(1064, 48627366),
(1522, 48627366),
(1980, 48627366),
(2438, 48627366),
(2896, 48627366),
(3354, 48627366),
(3812, 48627366),
(4270, 48627366),
(4728, 48627366),
(5186, 48627366),
(5644, 48627366),
(6102, 48627366),
(6560, 48627366),
(7018, 48627366),
(7476, 48627366),
(398, 50983306),
(856, 50983306),
(1314, 50983306),
(1772, 50983306),
(2230, 50983306),
(2688, 50983306),
(3146, 50983306),
(3604, 50983306),
(4062, 50983306),
(4520, 50983306),
(4978, 50983306),
(5436, 50983306),
(5894, 50983306),
(6352, 50983306),
(6810, 50983306),
(7268, 50983306),
(450, 51785777),
(908, 51785777),
(1366, 51785777),
(1824, 51785777),
(2282, 51785777),
(2740, 51785777),
(3198, 51785777),
(3656, 51785777),
(4114, 51785777),
(4572, 51785777),
(5030, 51785777),
(5488, 51785777),
(5946, 51785777),
(6404, 51785777),
(6862, 51785777),
(7320, 51785777),
(390, 51998736),
(848, 51998736),
(1306, 51998736),
(1764, 51998736),
(2222, 51998736),
(2680, 51998736),
(3138, 51998736),
(3596, 51998736),
(4054, 51998736),
(4512, 51998736),
(4970, 51998736),
(5428, 51998736),
(5886, 51998736),
(6344, 51998736),
(6802, 51998736),
(7260, 51998736),
(268, 52358408),
(726, 52358408),
(1184, 52358408),
(1642, 52358408),
(2100, 52358408),
(2558, 52358408),
(3016, 52358408),
(3474, 52358408),
(3932, 52358408),
(4390, 52358408),
(4848, 52358408),
(5306, 52358408),
(5764, 52358408),
(6222, 52358408),
(6680, 52358408),
(7138, 52358408),
(7596, 52358408),
(243, 52985621),
(701, 52985621),
(1159, 52985621),
(1617, 52985621),
(2075, 52985621),
(2533, 52985621),
(2991, 52985621),
(3449, 52985621),
(3907, 52985621),
(4365, 52985621),
(4823, 52985621),
(5281, 52985621),
(5739, 52985621),
(6197, 52985621),
(6655, 52985621),
(7113, 52985621),
(7571, 52985621),
(379, 53013915),
(837, 53013915),
(1295, 53013915),
(1753, 53013915),
(2211, 53013915),
(2669, 53013915),
(3127, 53013915),
(3585, 53013915),
(4043, 53013915),
(4501, 53013915),
(4959, 53013915),
(5417, 53013915),
(5875, 53013915),
(6333, 53013915),
(6791, 53013915),
(7249, 53013915),
(412, 66679002),
(870, 66679002),
(1328, 66679002),
(1786, 66679002),
(2244, 66679002),
(2702, 66679002),
(3160, 66679002),
(3618, 66679002),
(4076, 66679002),
(4534, 66679002),
(4992, 66679002),
(5450, 66679002),
(5908, 66679002),
(6366, 66679002),
(6824, 66679002),
(7282, 66679002),
(404, 66681929),
(862, 66681929),
(1320, 66681929),
(1778, 66681929),
(2236, 66681929),
(2694, 66681929),
(3152, 66681929),
(3610, 66681929),
(4068, 66681929),
(4526, 66681929),
(4984, 66681929),
(5442, 66681929),
(5900, 66681929),
(6358, 66681929),
(6816, 66681929),
(7274, 66681929),
(84, 66740532),
(542, 66740532),
(1000, 66740532),
(1458, 66740532),
(1916, 66740532),
(2374, 66740532),
(2832, 66740532),
(3290, 66740532),
(3748, 66740532),
(4206, 66740532),
(4664, 66740532),
(5122, 66740532),
(5580, 66740532),
(6038, 66740532),
(6496, 66740532),
(6954, 66740532),
(7412, 66740532),
(117, 66812473),
(575, 66812473),
(1033, 66812473),
(1491, 66812473),
(1949, 66812473),
(2407, 66812473),
(2865, 66812473),
(3323, 66812473),
(3781, 66812473),
(4239, 66812473),
(4697, 66812473),
(5155, 66812473),
(5613, 66812473),
(6071, 66812473),
(6529, 66812473),
(6987, 66812473),
(7445, 66812473),
(1, 66822684),
(459, 66822684),
(917, 66822684),
(1375, 66822684),
(1833, 66822684),
(2291, 66822684),
(2749, 66822684),
(3207, 66822684),
(3665, 66822684),
(4123, 66822684),
(4581, 66822684),
(5039, 66822684),
(5497, 66822684),
(5955, 66822684),
(6413, 66822684),
(6871, 66822684),
(7329, 66822684),
(324, 66827012),
(782, 66827012),
(1240, 66827012),
(1698, 66827012),
(2156, 66827012),
(2614, 66827012),
(3072, 66827012),
(3530, 66827012),
(3988, 66827012),
(4446, 66827012),
(4904, 66827012),
(5362, 66827012),
(5820, 66827012),
(6278, 66827012),
(6736, 66827012),
(7194, 66827012),
(140, 66830285),
(598, 66830285),
(1056, 66830285),
(1514, 66830285),
(1972, 66830285),
(2430, 66830285),
(2888, 66830285),
(3346, 66830285),
(3804, 66830285),
(4262, 66830285),
(4720, 66830285),
(5178, 66830285),
(5636, 66830285),
(6094, 66830285),
(6552, 66830285),
(7010, 66830285),
(7468, 66830285),
(397, 66834422),
(855, 66834422),
(1313, 66834422),
(1771, 66834422),
(2229, 66834422),
(2687, 66834422),
(3145, 66834422),
(3603, 66834422),
(4061, 66834422),
(4519, 66834422),
(4977, 66834422),
(5435, 66834422),
(5893, 66834422),
(6351, 66834422),
(6809, 66834422),
(7267, 66834422),
(137, 66856498),
(595, 66856498),
(1053, 66856498),
(1511, 66856498),
(1969, 66856498),
(2427, 66856498),
(2885, 66856498),
(3343, 66856498),
(3801, 66856498),
(4259, 66856498),
(4717, 66856498),
(5175, 66856498),
(5633, 66856498),
(6091, 66856498),
(6549, 66856498),
(7007, 66856498),
(7465, 66856498),
(368, 66870084),
(826, 66870084),
(1284, 66870084),
(1742, 66870084),
(2200, 66870084),
(2658, 66870084),
(3116, 66870084),
(3574, 66870084),
(4032, 66870084),
(4490, 66870084),
(4948, 66870084),
(5406, 66870084),
(5864, 66870084),
(6322, 66870084),
(6780, 66870084),
(7238, 66870084),
(394, 66908670),
(852, 66908670),
(1310, 66908670),
(1768, 66908670),
(2226, 66908670),
(2684, 66908670),
(3142, 66908670),
(3600, 66908670),
(4058, 66908670),
(4516, 66908670),
(4974, 66908670),
(5432, 66908670),
(5890, 66908670),
(6348, 66908670),
(6806, 66908670),
(7264, 66908670),
(9, 66909227),
(467, 66909227),
(925, 66909227),
(1383, 66909227),
(1841, 66909227),
(2299, 66909227),
(2757, 66909227),
(3215, 66909227),
(3673, 66909227),
(4131, 66909227),
(4589, 66909227),
(5047, 66909227),
(5505, 66909227),
(5963, 66909227),
(6421, 66909227),
(6879, 66909227),
(7337, 66909227),
(85, 66911777),
(543, 66911777),
(1001, 66911777),
(1459, 66911777),
(1917, 66911777),
(2375, 66911777),
(2833, 66911777),
(3291, 66911777),
(3749, 66911777),
(4207, 66911777),
(4665, 66911777),
(5123, 66911777),
(5581, 66911777),
(6039, 66911777),
(6497, 66911777),
(6955, 66911777),
(7413, 66911777),
(388, 66924564),
(846, 66924564),
(1304, 66924564),
(1762, 66924564),
(2220, 66924564),
(2678, 66924564),
(3136, 66924564),
(3594, 66924564),
(4052, 66924564),
(4510, 66924564),
(4968, 66924564),
(5426, 66924564),
(5884, 66924564),
(6342, 66924564),
(6800, 66924564),
(7258, 66924564),
(395, 66929649),
(853, 66929649),
(1311, 66929649),
(1769, 66929649),
(2227, 66929649),
(2685, 66929649),
(3143, 66929649),
(3601, 66929649),
(4059, 66929649),
(4517, 66929649),
(4975, 66929649),
(5433, 66929649),
(5891, 66929649),
(6349, 66929649),
(6807, 66929649),
(7265, 66929649),
(105, 66933843),
(563, 66933843),
(1021, 66933843),
(1479, 66933843),
(1937, 66933843),
(2395, 66933843),
(2853, 66933843),
(3311, 66933843),
(3769, 66933843),
(4227, 66933843),
(4685, 66933843),
(5143, 66933843),
(5601, 66933843),
(6059, 66933843),
(6517, 66933843),
(6975, 66933843),
(7433, 66933843),
(3, 66974226),
(461, 66974226),
(919, 66974226),
(1377, 66974226),
(1835, 66974226),
(2293, 66974226),
(2751, 66974226),
(3209, 66974226),
(3667, 66974226),
(4125, 66974226),
(4583, 66974226),
(5041, 66974226),
(5499, 66974226),
(5957, 66974226),
(6415, 66974226),
(6873, 66974226),
(7331, 66974226),
(422, 67005889),
(880, 67005889),
(1338, 67005889),
(1796, 67005889),
(2254, 67005889),
(2712, 67005889),
(3170, 67005889),
(3628, 67005889),
(4086, 67005889),
(4544, 67005889),
(5002, 67005889),
(5460, 67005889),
(5918, 67005889),
(6376, 67005889),
(6834, 67005889),
(7292, 67005889),
(287, 67015849),
(745, 67015849),
(1203, 67015849),
(1661, 67015849),
(2119, 67015849),
(2577, 67015849),
(3035, 67015849),
(3493, 67015849),
(3951, 67015849),
(4409, 67015849),
(4867, 67015849),
(5325, 67015849),
(5783, 67015849),
(6241, 67015849),
(6699, 67015849),
(7157, 67015849),
(399, 67016384),
(857, 67016384),
(1315, 67016384),
(1773, 67016384),
(2231, 67016384),
(2689, 67016384),
(3147, 67016384),
(3605, 67016384),
(4063, 67016384),
(4521, 67016384),
(4979, 67016384),
(5437, 67016384),
(5895, 67016384),
(6353, 67016384),
(6811, 67016384),
(7269, 67016384),
(453, 67021981),
(911, 67021981),
(1369, 67021981),
(1827, 67021981),
(2285, 67021981),
(2743, 67021981),
(3201, 67021981),
(3659, 67021981),
(4117, 67021981),
(4575, 67021981),
(5033, 67021981),
(5491, 67021981),
(5949, 67021981),
(6407, 67021981),
(6865, 67021981),
(7323, 67021981),
(350, 69015709),
(808, 69015709),
(1266, 69015709),
(1724, 69015709),
(2182, 69015709),
(2640, 69015709),
(3098, 69015709),
(3556, 69015709),
(4014, 69015709),
(4472, 69015709),
(4930, 69015709),
(5388, 69015709),
(5846, 69015709),
(6304, 69015709),
(6762, 69015709),
(7220, 69015709),
(213, 91352286),
(671, 91352286),
(1129, 91352286),
(1587, 91352286),
(2045, 91352286),
(2503, 91352286),
(2961, 91352286),
(3419, 91352286),
(3877, 91352286),
(4335, 91352286),
(4793, 91352286),
(5251, 91352286),
(5709, 91352286),
(6167, 91352286),
(6625, 91352286),
(7083, 91352286),
(7541, 91352286),
(238, 94467399),
(696, 94467399),
(1154, 94467399),
(1612, 94467399),
(2070, 94467399),
(2528, 94467399),
(2986, 94467399),
(3444, 94467399),
(3902, 94467399),
(4360, 94467399),
(4818, 94467399),
(5276, 94467399),
(5734, 94467399),
(6192, 94467399),
(6650, 94467399),
(7108, 94467399),
(7566, 94467399),
(256, 94511427),
(714, 94511427),
(1172, 94511427),
(1630, 94511427),
(2088, 94511427),
(2546, 94511427),
(3004, 94511427),
(3462, 94511427),
(3920, 94511427),
(4378, 94511427),
(4836, 94511427),
(5294, 94511427),
(5752, 94511427),
(6210, 94511427),
(6668, 94511427),
(7126, 94511427),
(7584, 94511427),
(438, 464646461),
(896, 464646461),
(1354, 464646461),
(1812, 464646461),
(2270, 464646461),
(2728, 464646461),
(3186, 464646461),
(3644, 464646461),
(4102, 464646461),
(4560, 464646461),
(5018, 464646461),
(5476, 464646461),
(5934, 464646461),
(6392, 464646461),
(6850, 464646461),
(7308, 464646461),
(443, 464646462),
(901, 464646462),
(1359, 464646462),
(1817, 464646462),
(2275, 464646462),
(2733, 464646462),
(3191, 464646462),
(3649, 464646462),
(4107, 464646462),
(4565, 464646462),
(5023, 464646462),
(5481, 464646462),
(5939, 464646462),
(6397, 464646462),
(6855, 464646462),
(7313, 464646462),
(439, 464646463),
(897, 464646463),
(1355, 464646463),
(1813, 464646463),
(2271, 464646463),
(2729, 464646463),
(3187, 464646463),
(3645, 464646463),
(4103, 464646463),
(4561, 464646463),
(5019, 464646463),
(5477, 464646463),
(5935, 464646463),
(6393, 464646463),
(6851, 464646463),
(7309, 464646463),
(444, 464646464),
(902, 464646464),
(1360, 464646464),
(1818, 464646464),
(2276, 464646464),
(2734, 464646464),
(3192, 464646464),
(3650, 464646464),
(4108, 464646464),
(4566, 464646464),
(5024, 464646464),
(5482, 464646464),
(5940, 464646464),
(6398, 464646464),
(6856, 464646464),
(7314, 464646464),
(250, 474747471),
(708, 474747471),
(1166, 474747471),
(1624, 474747471),
(2082, 474747471),
(2540, 474747471),
(2998, 474747471),
(3456, 474747471),
(3914, 474747471),
(4372, 474747471),
(4830, 474747471),
(5288, 474747471),
(5746, 474747471),
(6204, 474747471),
(6662, 474747471),
(7120, 474747471),
(7578, 474747471),
(252, 474747472),
(710, 474747472),
(1168, 474747472),
(1626, 474747472),
(2084, 474747472),
(2542, 474747472),
(3000, 474747472),
(3458, 474747472),
(3916, 474747472),
(4374, 474747472),
(4832, 474747472),
(5290, 474747472),
(5748, 474747472),
(6206, 474747472),
(6664, 474747472),
(7122, 474747472),
(7580, 474747472),
(253, 474747473),
(711, 474747473),
(1169, 474747473),
(1627, 474747473),
(2085, 474747473),
(2543, 474747473),
(3001, 474747473),
(3459, 474747473),
(3917, 474747473),
(4375, 474747473),
(4833, 474747473),
(5291, 474747473),
(5749, 474747473),
(6207, 474747473),
(6665, 474747473),
(7123, 474747473),
(7581, 474747473),
(254, 474747474),
(712, 474747474),
(1170, 474747474),
(1628, 474747474),
(2086, 474747474),
(2544, 474747474),
(3002, 474747474),
(3460, 474747474),
(3918, 474747474),
(4376, 474747474),
(4834, 474747474),
(5292, 474747474),
(5750, 474747474),
(6208, 474747474),
(6666, 474747474),
(7124, 474747474),
(7582, 474747474),
(323, 805013949),
(781, 805013949),
(1239, 805013949),
(1697, 805013949),
(2155, 805013949),
(2613, 805013949),
(3071, 805013949),
(3529, 805013949),
(3987, 805013949),
(4445, 805013949),
(4903, 805013949),
(5361, 805013949),
(5819, 805013949),
(6277, 805013949),
(6735, 805013949),
(7193, 805013949),
(363, 900034189),
(821, 900034189),
(1279, 900034189),
(1737, 900034189),
(2195, 900034189),
(2653, 900034189),
(3111, 900034189),
(3569, 900034189),
(4027, 900034189),
(4485, 900034189),
(4943, 900034189),
(5401, 900034189),
(5859, 900034189),
(6317, 900034189),
(6775, 900034189),
(7233, 900034189),
(351, 900063751),
(809, 900063751),
(1267, 900063751),
(1725, 900063751),
(2183, 900063751),
(2641, 900063751),
(3099, 900063751),
(3557, 900063751),
(4015, 900063751),
(4473, 900063751),
(4931, 900063751),
(5389, 900063751),
(5847, 900063751),
(6305, 900063751),
(6763, 900063751),
(7221, 900063751),
(161, 900147803),
(619, 900147803),
(1077, 900147803),
(1535, 900147803),
(1993, 900147803),
(2451, 900147803),
(2909, 900147803),
(3367, 900147803),
(3825, 900147803),
(4283, 900147803),
(4741, 900147803),
(5199, 900147803),
(5657, 900147803),
(6115, 900147803),
(6573, 900147803),
(7031, 900147803),
(7489, 900147803),
(419, 901021901),
(877, 901021901),
(1335, 901021901),
(1793, 901021901),
(2251, 901021901),
(2709, 901021901),
(3167, 901021901),
(3625, 901021901),
(4083, 901021901),
(4541, 901021901),
(4999, 901021901),
(5457, 901021901),
(5915, 901021901),
(6373, 901021901),
(6831, 901021901),
(7289, 901021901),
(110, 901044711),
(568, 901044711),
(1026, 901044711),
(1484, 901044711),
(1942, 901044711),
(2400, 901044711),
(2858, 901044711),
(3316, 901044711),
(3774, 901044711),
(4232, 901044711),
(4690, 901044711),
(5148, 901044711),
(5606, 901044711),
(6064, 901044711),
(6522, 901044711),
(6980, 901044711),
(7438, 901044711),
(269, 1002920607),
(727, 1002920607),
(1185, 1002920607),
(1643, 1002920607),
(2101, 1002920607),
(2559, 1002920607),
(3017, 1002920607),
(3475, 1002920607),
(3933, 1002920607),
(4391, 1002920607),
(4849, 1002920607),
(5307, 1002920607),
(5765, 1002920607),
(6223, 1002920607),
(6681, 1002920607),
(7139, 1002920607),
(7597, 1002920607),
(271, 1002960456),
(729, 1002960456),
(1187, 1002960456),
(1645, 1002960456),
(2103, 1002960456),
(2561, 1002960456),
(3019, 1002960456),
(3477, 1002960456),
(3935, 1002960456),
(4393, 1002960456),
(4851, 1002960456),
(5309, 1002960456),
(5767, 1002960456),
(6225, 1002960456),
(6683, 1002960456),
(7141, 1002960456),
(7599, 1002960456),
(96, 1004492269),
(554, 1004492269),
(1012, 1004492269),
(1470, 1004492269),
(1928, 1004492269),
(2386, 1004492269),
(2844, 1004492269),
(3302, 1004492269),
(3760, 1004492269),
(4218, 1004492269),
(4676, 1004492269),
(5134, 1004492269),
(5592, 1004492269),
(6050, 1004492269),
(6508, 1004492269),
(6966, 1004492269),
(7424, 1004492269),
(405, 1006231730),
(863, 1006231730),
(1321, 1006231730),
(1779, 1006231730),
(2237, 1006231730),
(2695, 1006231730),
(3153, 1006231730),
(3611, 1006231730),
(4069, 1006231730),
(4527, 1006231730),
(4985, 1006231730),
(5443, 1006231730),
(5901, 1006231730),
(6359, 1006231730),
(6817, 1006231730),
(7275, 1006231730),
(322, 1006233804),
(780, 1006233804),
(1238, 1006233804),
(1696, 1006233804),
(2154, 1006233804),
(2612, 1006233804),
(3070, 1006233804),
(3528, 1006233804),
(3986, 1006233804),
(4444, 1006233804),
(4902, 1006233804),
(5360, 1006233804),
(5818, 1006233804),
(6276, 1006233804),
(6734, 1006233804),
(7192, 1006233804),
(384, 1006235326),
(842, 1006235326),
(1300, 1006235326),
(1758, 1006235326),
(2216, 1006235326),
(2674, 1006235326),
(3132, 1006235326),
(3590, 1006235326),
(4048, 1006235326),
(4506, 1006235326),
(4964, 1006235326),
(5422, 1006235326),
(5880, 1006235326),
(6338, 1006235326),
(6796, 1006235326),
(7254, 1006235326),
(457, 1006364812),
(915, 1006364812),
(1373, 1006364812),
(1831, 1006364812),
(2289, 1006364812),
(2747, 1006364812),
(3205, 1006364812),
(3663, 1006364812),
(4121, 1006364812),
(4579, 1006364812),
(5037, 1006364812),
(5495, 1006364812),
(5953, 1006364812),
(6411, 1006364812),
(6869, 1006364812),
(7327, 1006364812),
(455, 1007490524),
(913, 1007490524),
(1371, 1007490524),
(1829, 1007490524),
(2287, 1007490524),
(2745, 1007490524),
(3203, 1007490524),
(3661, 1007490524),
(4119, 1007490524),
(4577, 1007490524),
(5035, 1007490524),
(5493, 1007490524),
(5951, 1007490524),
(6409, 1007490524),
(6867, 1007490524),
(7325, 1007490524),
(95, 1007706642),
(553, 1007706642),
(1011, 1007706642),
(1469, 1007706642),
(1927, 1007706642),
(2385, 1007706642),
(2843, 1007706642),
(3301, 1007706642),
(3759, 1007706642),
(4217, 1007706642),
(4675, 1007706642),
(5133, 1007706642),
(5591, 1007706642),
(6049, 1007706642),
(6507, 1007706642),
(6965, 1007706642),
(7423, 1007706642),
(134, 1007779347),
(592, 1007779347),
(1050, 1007779347),
(1508, 1007779347),
(1966, 1007779347),
(2424, 1007779347),
(2882, 1007779347),
(3340, 1007779347),
(3798, 1007779347),
(4256, 1007779347),
(4714, 1007779347),
(5172, 1007779347),
(5630, 1007779347),
(6088, 1007779347),
(6546, 1007779347),
(7004, 1007779347),
(7462, 1007779347),
(328, 1007907803),
(786, 1007907803),
(1244, 1007907803),
(1702, 1007907803),
(2160, 1007907803),
(2618, 1007907803),
(3076, 1007907803),
(3534, 1007907803),
(3992, 1007907803),
(4450, 1007907803),
(4908, 1007907803),
(5366, 1007907803),
(5824, 1007907803),
(6282, 1007907803),
(6740, 1007907803),
(7198, 1007907803),
(402, 1010026903),
(860, 1010026903),
(1318, 1010026903),
(1776, 1010026903),
(2234, 1010026903),
(2692, 1010026903),
(3150, 1010026903),
(3608, 1010026903),
(4066, 1010026903),
(4524, 1010026903),
(4982, 1010026903),
(5440, 1010026903),
(5898, 1010026903),
(6356, 1010026903),
(6814, 1010026903),
(7272, 1010026903),
(406, 1012379903),
(864, 1012379903),
(1322, 1012379903),
(1780, 1012379903),
(2238, 1012379903),
(2696, 1012379903),
(3154, 1012379903),
(3612, 1012379903),
(4070, 1012379903),
(4528, 1012379903),
(4986, 1012379903),
(5444, 1012379903),
(5902, 1012379903),
(6360, 1012379903),
(6818, 1012379903),
(7276, 1012379903),
(343, 1015450440),
(801, 1015450440),
(1259, 1015450440),
(1717, 1015450440),
(2175, 1015450440),
(2633, 1015450440),
(3091, 1015450440),
(3549, 1015450440),
(4007, 1015450440),
(4465, 1015450440),
(4923, 1015450440),
(5381, 1015450440),
(5839, 1015450440),
(6297, 1015450440),
(6755, 1015450440),
(7213, 1015450440),
(393, 1016008107),
(851, 1016008107),
(1309, 1016008107),
(1767, 1016008107),
(2225, 1016008107),
(2683, 1016008107),
(3141, 1016008107),
(3599, 1016008107),
(4057, 1016008107),
(4515, 1016008107),
(4973, 1016008107),
(5431, 1016008107),
(5889, 1016008107),
(6347, 1016008107),
(6805, 1016008107),
(7263, 1016008107),
(102, 1019105934),
(560, 1019105934),
(1018, 1019105934),
(1476, 1019105934),
(1934, 1019105934),
(2392, 1019105934),
(2850, 1019105934),
(3308, 1019105934),
(3766, 1019105934),
(4224, 1019105934),
(4682, 1019105934),
(5140, 1019105934),
(5598, 1019105934),
(6056, 1019105934),
(6514, 1019105934),
(6972, 1019105934),
(7430, 1019105934),
(331, 1030554222),
(789, 1030554222),
(1247, 1030554222),
(1705, 1030554222),
(2163, 1030554222),
(2621, 1030554222),
(3079, 1030554222),
(3537, 1030554222),
(3995, 1030554222),
(4453, 1030554222),
(4911, 1030554222),
(5369, 1030554222),
(5827, 1030554222),
(6285, 1030554222),
(6743, 1030554222),
(7201, 1030554222),
(248, 1030577606),
(706, 1030577606),
(1164, 1030577606),
(1622, 1030577606),
(2080, 1030577606),
(2538, 1030577606),
(2996, 1030577606),
(3454, 1030577606),
(3912, 1030577606),
(4370, 1030577606),
(4828, 1030577606),
(5286, 1030577606),
(5744, 1030577606),
(6202, 1030577606),
(6660, 1030577606),
(7118, 1030577606),
(7576, 1030577606),
(265, 1041203200),
(723, 1041203200),
(1181, 1041203200),
(1639, 1041203200),
(2097, 1041203200),
(2555, 1041203200),
(3013, 1041203200),
(3471, 1041203200),
(3929, 1041203200),
(4387, 1041203200),
(4845, 1041203200),
(5303, 1041203200),
(5761, 1041203200),
(6219, 1041203200),
(6677, 1041203200),
(7135, 1041203200),
(7593, 1041203200),
(319, 1061731001),
(777, 1061731001),
(1235, 1061731001),
(1693, 1061731001),
(2151, 1061731001),
(2609, 1061731001),
(3067, 1061731001),
(3525, 1061731001),
(3983, 1061731001),
(4441, 1061731001),
(4899, 1061731001),
(5357, 1061731001),
(5815, 1061731001),
(6273, 1061731001),
(6731, 1061731001),
(7189, 1061731001),
(435, 1061821977),
(893, 1061821977),
(1351, 1061821977),
(1809, 1061821977),
(2267, 1061821977),
(2725, 1061821977),
(3183, 1061821977),
(3641, 1061821977),
(4099, 1061821977),
(4557, 1061821977),
(5015, 1061821977),
(5473, 1061821977),
(5931, 1061821977),
(6389, 1061821977),
(6847, 1061821977),
(7305, 1061821977),
(52, 1062333980),
(510, 1062333980),
(968, 1062333980),
(1426, 1062333980),
(1884, 1062333980),
(2342, 1062333980),
(2800, 1062333980),
(3258, 1062333980),
(3716, 1062333980),
(4174, 1062333980),
(4632, 1062333980),
(5090, 1062333980),
(5548, 1062333980),
(6006, 1062333980),
(6464, 1062333980),
(6922, 1062333980),
(7380, 1062333980),
(83, 1063817846),
(541, 1063817846),
(999, 1063817846),
(1457, 1063817846),
(1915, 1063817846),
(2373, 1063817846),
(2831, 1063817846),
(3289, 1063817846),
(3747, 1063817846),
(4205, 1063817846),
(4663, 1063817846),
(5121, 1063817846),
(5579, 1063817846),
(6037, 1063817846),
(6495, 1063817846),
(6953, 1063817846),
(7411, 1063817846),
(272, 1072366202),
(730, 1072366202),
(1188, 1072366202),
(1646, 1072366202),
(2104, 1072366202),
(2562, 1072366202),
(3020, 1072366202),
(3478, 1072366202),
(3936, 1072366202),
(4394, 1072366202),
(4852, 1072366202),
(5310, 1072366202),
(5768, 1072366202),
(6226, 1072366202),
(6684, 1072366202),
(7142, 1072366202),
(7600, 1072366202),
(242, 1073519557),
(700, 1073519557),
(1158, 1073519557),
(1616, 1073519557),
(2074, 1073519557),
(2532, 1073519557),
(2990, 1073519557),
(3448, 1073519557),
(3906, 1073519557),
(4364, 1073519557),
(4822, 1073519557),
(5280, 1073519557),
(5738, 1073519557),
(6196, 1073519557),
(6654, 1073519557),
(7112, 1073519557),
(7570, 1073519557),
(290, 1075215087),
(748, 1075215087),
(1206, 1075215087),
(1664, 1075215087),
(2122, 1075215087),
(2580, 1075215087),
(3038, 1075215087),
(3496, 1075215087),
(3954, 1075215087),
(4412, 1075215087),
(4870, 1075215087),
(5328, 1075215087),
(5786, 1075215087),
(6244, 1075215087),
(6702, 1075215087),
(7160, 1075215087),
(392, 1081156122),
(850, 1081156122),
(1308, 1081156122),
(1766, 1081156122),
(2224, 1081156122),
(2682, 1081156122),
(3140, 1081156122),
(3598, 1081156122),
(4056, 1081156122),
(4514, 1081156122),
(4972, 1081156122),
(5430, 1081156122),
(5888, 1081156122),
(6346, 1081156122),
(6804, 1081156122),
(7262, 1081156122),
(260, 1082747233),
(718, 1082747233),
(1176, 1082747233),
(1634, 1082747233),
(2092, 1082747233),
(2550, 1082747233),
(3008, 1082747233),
(3466, 1082747233),
(3924, 1082747233),
(4382, 1082747233),
(4840, 1082747233),
(5298, 1082747233),
(5756, 1082747233),
(6214, 1082747233),
(6672, 1082747233),
(7130, 1082747233),
(7588, 1082747233),
(411, 1085267793),
(869, 1085267793),
(1327, 1085267793),
(1785, 1085267793),
(2243, 1085267793),
(2701, 1085267793),
(3159, 1085267793),
(3617, 1085267793),
(4075, 1085267793),
(4533, 1085267793),
(4991, 1085267793),
(5449, 1085267793),
(5907, 1085267793),
(6365, 1085267793),
(6823, 1085267793),
(7281, 1085267793),
(333, 1085304380),
(791, 1085304380),
(1249, 1085304380),
(1707, 1085304380),
(2165, 1085304380),
(2623, 1085304380),
(3081, 1085304380),
(3539, 1085304380),
(3997, 1085304380),
(4455, 1085304380),
(4913, 1085304380),
(5371, 1085304380),
(5829, 1085304380),
(6287, 1085304380),
(6745, 1085304380),
(7203, 1085304380),
(315, 1087674263),
(773, 1087674263),
(1231, 1087674263),
(1689, 1087674263),
(2147, 1087674263),
(2605, 1087674263),
(3063, 1087674263),
(3521, 1087674263),
(3979, 1087674263),
(4437, 1087674263),
(4895, 1087674263),
(5353, 1087674263),
(5811, 1087674263),
(6269, 1087674263),
(6727, 1087674263),
(7185, 1087674263),
(135, 1088282048),
(593, 1088282048),
(1051, 1088282048),
(1509, 1088282048),
(1967, 1088282048),
(2425, 1088282048),
(2883, 1088282048),
(3341, 1088282048),
(3799, 1088282048),
(4257, 1088282048),
(4715, 1088282048),
(5173, 1088282048),
(5631, 1088282048),
(6089, 1088282048),
(6547, 1088282048),
(7005, 1088282048),
(7463, 1088282048),
(179, 1089030756),
(637, 1089030756),
(1095, 1089030756),
(1553, 1089030756),
(2011, 1089030756),
(2469, 1089030756),
(2927, 1089030756),
(3385, 1089030756),
(3843, 1089030756),
(4301, 1089030756),
(4759, 1089030756),
(5217, 1089030756),
(5675, 1089030756),
(6133, 1089030756),
(6591, 1089030756),
(7049, 1089030756),
(7507, 1089030756),
(8, 1093802534),
(466, 1093802534),
(924, 1093802534),
(1382, 1093802534),
(1840, 1093802534),
(2298, 1093802534),
(2756, 1093802534),
(3214, 1093802534),
(3672, 1093802534),
(4130, 1093802534),
(4588, 1093802534),
(5046, 1093802534),
(5504, 1093802534),
(5962, 1093802534),
(6420, 1093802534),
(6878, 1093802534),
(7336, 1093802534),
(93, 1093804143),
(551, 1093804143),
(1009, 1093804143),
(1467, 1093804143),
(1925, 1093804143),
(2383, 1093804143),
(2841, 1093804143),
(3299, 1093804143),
(3757, 1093804143),
(4215, 1093804143),
(4673, 1093804143),
(5131, 1093804143),
(5589, 1093804143),
(6047, 1093804143),
(6505, 1093804143),
(6963, 1093804143),
(7421, 1093804143),
(121, 1094908533),
(579, 1094908533),
(1037, 1094908533),
(1495, 1094908533),
(1953, 1094908533),
(2411, 1094908533),
(2869, 1094908533),
(3327, 1094908533),
(3785, 1094908533),
(4243, 1094908533),
(4701, 1094908533),
(5159, 1094908533),
(5617, 1094908533),
(6075, 1094908533),
(6533, 1094908533),
(6991, 1094908533),
(7449, 1094908533),
(235, 1097727581),
(693, 1097727581),
(1151, 1097727581),
(1609, 1097727581),
(2067, 1097727581),
(2525, 1097727581),
(2983, 1097727581),
(3441, 1097727581),
(3899, 1097727581),
(4357, 1097727581),
(4815, 1097727581),
(5273, 1097727581),
(5731, 1097727581),
(6189, 1097727581),
(6647, 1097727581),
(7105, 1097727581),
(7563, 1097727581),
(33, 1099708231),
(491, 1099708231),
(949, 1099708231),
(1407, 1099708231),
(1865, 1099708231),
(2323, 1099708231),
(2781, 1099708231),
(3239, 1099708231),
(3697, 1099708231),
(4155, 1099708231),
(4613, 1099708231),
(5071, 1099708231),
(5529, 1099708231),
(5987, 1099708231),
(6445, 1099708231),
(6903, 1099708231),
(7361, 1099708231),
(342, 1107064635),
(800, 1107064635),
(1258, 1107064635),
(1716, 1107064635),
(2174, 1107064635),
(2632, 1107064635),
(3090, 1107064635),
(3548, 1107064635),
(4006, 1107064635),
(4464, 1107064635),
(4922, 1107064635),
(5380, 1107064635),
(5838, 1107064635),
(6296, 1107064635),
(6754, 1107064635),
(7212, 1107064635),
(434, 1111772553),
(892, 1111772553),
(1350, 1111772553),
(1808, 1111772553),
(2266, 1111772553),
(2724, 1111772553),
(3182, 1111772553),
(3640, 1111772553),
(4098, 1111772553),
(4556, 1111772553),
(5014, 1111772553),
(5472, 1111772553),
(5930, 1111772553),
(6388, 1111772553),
(6846, 1111772553),
(7304, 1111772553),
(82, 1112102008),
(540, 1112102008),
(998, 1112102008),
(1456, 1112102008),
(1914, 1112102008),
(2372, 1112102008),
(2830, 1112102008),
(3288, 1112102008),
(3746, 1112102008),
(4204, 1112102008),
(4662, 1112102008),
(5120, 1112102008),
(5578, 1112102008),
(6036, 1112102008),
(6494, 1112102008),
(6952, 1112102008),
(7410, 1112102008),
(274, 1112460601),
(732, 1112460601),
(1190, 1112460601),
(1648, 1112460601),
(2106, 1112460601),
(2564, 1112460601),
(3022, 1112460601),
(3480, 1112460601),
(3938, 1112460601),
(4396, 1112460601),
(4854, 1112460601),
(5312, 1112460601),
(5770, 1112460601),
(6228, 1112460601),
(6686, 1112460601),
(7144, 1112460601),
(7602, 1112460601),
(313, 1112460771),
(771, 1112460771),
(1229, 1112460771),
(1687, 1112460771),
(2145, 1112460771),
(2603, 1112460771),
(3061, 1112460771),
(3519, 1112460771),
(3977, 1112460771),
(4435, 1112460771),
(4893, 1112460771),
(5351, 1112460771),
(5809, 1112460771),
(6267, 1112460771),
(6725, 1112460771),
(7183, 1112460771),
(380, 1112461635),
(838, 1112461635),
(1296, 1112461635),
(1754, 1112461635),
(2212, 1112461635),
(2670, 1112461635),
(3128, 1112461635),
(3586, 1112461635),
(4044, 1112461635),
(4502, 1112461635),
(4960, 1112461635),
(5418, 1112461635),
(5876, 1112461635),
(6334, 1112461635),
(6792, 1112461635),
(7250, 1112461635),
(374, 1112463964),
(832, 1112463964),
(1290, 1112463964),
(1748, 1112463964),
(2206, 1112463964),
(2664, 1112463964),
(3122, 1112463964),
(3580, 1112463964),
(4038, 1112463964),
(4496, 1112463964),
(4954, 1112463964),
(5412, 1112463964),
(5870, 1112463964),
(6328, 1112463964),
(6786, 1112463964),
(7244, 1112463964),
(383, 1112469722),
(841, 1112469722),
(1299, 1112469722),
(1757, 1112469722),
(2215, 1112469722),
(2673, 1112469722),
(3131, 1112469722),
(3589, 1112469722),
(4047, 1112469722),
(4505, 1112469722),
(4963, 1112469722),
(5421, 1112469722),
(5879, 1112469722),
(6337, 1112469722),
(6795, 1112469722),
(7253, 1112469722),
(341, 1112470124),
(799, 1112470124),
(1257, 1112470124),
(1715, 1112470124),
(2173, 1112470124),
(2631, 1112470124),
(3089, 1112470124),
(3547, 1112470124),
(4005, 1112470124),
(4463, 1112470124),
(4921, 1112470124),
(5379, 1112470124),
(5837, 1112470124),
(6295, 1112470124),
(6753, 1112470124),
(7211, 1112470124),
(312, 1112471406),
(770, 1112471406),
(1228, 1112471406),
(1686, 1112471406),
(2144, 1112471406),
(2602, 1112471406),
(3060, 1112471406),
(3518, 1112471406),
(3976, 1112471406),
(4434, 1112471406),
(4892, 1112471406),
(5350, 1112471406),
(5808, 1112471406),
(6266, 1112471406),
(6724, 1112471406),
(7182, 1112471406),
(88, 1112473518),
(546, 1112473518),
(1004, 1112473518),
(1462, 1112473518),
(1920, 1112473518),
(2378, 1112473518),
(2836, 1112473518),
(3294, 1112473518),
(3752, 1112473518),
(4210, 1112473518),
(4668, 1112473518),
(5126, 1112473518),
(5584, 1112473518),
(6042, 1112473518),
(6500, 1112473518),
(6958, 1112473518),
(7416, 1112473518),
(447, 1112473541),
(905, 1112473541),
(1363, 1112473541),
(1821, 1112473541),
(2279, 1112473541),
(2737, 1112473541),
(3195, 1112473541),
(3653, 1112473541),
(4111, 1112473541),
(4569, 1112473541),
(5027, 1112473541),
(5485, 1112473541),
(5943, 1112473541),
(6401, 1112473541),
(6859, 1112473541),
(7317, 1112473541),
(445, 1112474594),
(903, 1112474594),
(1361, 1112474594),
(1819, 1112474594),
(2277, 1112474594),
(2735, 1112474594),
(3193, 1112474594),
(3651, 1112474594),
(4109, 1112474594),
(4567, 1112474594),
(5025, 1112474594),
(5483, 1112474594),
(5941, 1112474594),
(6399, 1112474594),
(6857, 1112474594),
(7315, 1112474594),
(276, 1112475471),
(734, 1112475471),
(1192, 1112475471),
(1650, 1112475471),
(2108, 1112475471),
(2566, 1112475471),
(3024, 1112475471),
(3482, 1112475471),
(3940, 1112475471),
(4398, 1112475471),
(4856, 1112475471),
(5314, 1112475471),
(5772, 1112475471),
(6230, 1112475471),
(6688, 1112475471),
(7146, 1112475471),
(7604, 1112475471),
(282, 1112477782),
(740, 1112477782),
(1198, 1112477782),
(1656, 1112477782),
(2114, 1112477782),
(2572, 1112477782),
(3030, 1112477782),
(3488, 1112477782),
(3946, 1112477782),
(4404, 1112477782),
(4862, 1112477782),
(5320, 1112477782),
(5778, 1112477782),
(6236, 1112477782),
(6694, 1112477782),
(7152, 1112477782),
(7610, 1112477782),
(385, 1112478086),
(843, 1112478086),
(1301, 1112478086),
(1759, 1112478086),
(2217, 1112478086),
(2675, 1112478086),
(3133, 1112478086),
(3591, 1112478086),
(4049, 1112478086),
(4507, 1112478086),
(4965, 1112478086),
(5423, 1112478086),
(5881, 1112478086),
(6339, 1112478086),
(6797, 1112478086),
(7255, 1112478086),
(273, 1112478475),
(731, 1112478475),
(1189, 1112478475),
(1647, 1112478475),
(2105, 1112478475),
(2563, 1112478475),
(3021, 1112478475),
(3479, 1112478475),
(3937, 1112478475),
(4395, 1112478475),
(4853, 1112478475),
(5311, 1112478475),
(5769, 1112478475),
(6227, 1112478475),
(6685, 1112478475),
(7143, 1112478475),
(7601, 1112478475),
(428, 1112478971),
(886, 1112478971),
(1344, 1112478971),
(1802, 1112478971),
(2260, 1112478971),
(2718, 1112478971),
(3176, 1112478971),
(3634, 1112478971),
(4092, 1112478971),
(4550, 1112478971),
(5008, 1112478971),
(5466, 1112478971),
(5924, 1112478971),
(6382, 1112478971),
(6840, 1112478971),
(7298, 1112478971),
(310, 1112481339),
(768, 1112481339),
(1226, 1112481339),
(1684, 1112481339),
(2142, 1112481339),
(2600, 1112481339),
(3058, 1112481339),
(3516, 1112481339),
(3974, 1112481339),
(4432, 1112481339),
(4890, 1112481339),
(5348, 1112481339),
(5806, 1112481339),
(6264, 1112481339),
(6722, 1112481339),
(7180, 1112481339),
(329, 1112482303),
(787, 1112482303),
(1245, 1112482303),
(1703, 1112482303),
(2161, 1112482303),
(2619, 1112482303),
(3077, 1112482303),
(3535, 1112482303),
(3993, 1112482303),
(4451, 1112482303),
(4909, 1112482303),
(5367, 1112482303),
(5825, 1112482303),
(6283, 1112482303),
(6741, 1112482303),
(7199, 1112482303),
(280, 1112482320),
(738, 1112482320),
(1196, 1112482320),
(1654, 1112482320),
(2112, 1112482320),
(2570, 1112482320),
(3028, 1112482320),
(3486, 1112482320),
(3944, 1112482320),
(4402, 1112482320),
(4860, 1112482320),
(5318, 1112482320),
(5776, 1112482320),
(6234, 1112482320),
(6692, 1112482320),
(7150, 1112482320),
(7608, 1112482320),
(308, 1112482421),
(766, 1112482421),
(1224, 1112482421),
(1682, 1112482421),
(2140, 1112482421),
(2598, 1112482421),
(3056, 1112482421),
(3514, 1112482421),
(3972, 1112482421),
(4430, 1112482421),
(4888, 1112482421),
(5346, 1112482421),
(5804, 1112482421),
(6262, 1112482421),
(6720, 1112482421),
(7178, 1112482421),
(430, 1112483048),
(888, 1112483048),
(1346, 1112483048),
(1804, 1112483048),
(2262, 1112483048),
(2720, 1112483048),
(3178, 1112483048),
(3636, 1112483048),
(4094, 1112483048),
(4552, 1112483048),
(5010, 1112483048),
(5468, 1112483048),
(5926, 1112483048),
(6384, 1112483048),
(6842, 1112483048),
(7300, 1112483048),
(267, 1112483634),
(725, 1112483634),
(1183, 1112483634),
(1641, 1112483634),
(2099, 1112483634),
(2557, 1112483634),
(3015, 1112483634),
(3473, 1112483634),
(3931, 1112483634),
(4389, 1112483634),
(4847, 1112483634),
(5305, 1112483634),
(5763, 1112483634),
(6221, 1112483634),
(6679, 1112483634),
(7137, 1112483634),
(7595, 1112483634),
(357, 1112484396),
(815, 1112484396),
(1273, 1112484396),
(1731, 1112484396),
(2189, 1112484396),
(2647, 1112484396),
(3105, 1112484396),
(3563, 1112484396),
(4021, 1112484396),
(4479, 1112484396),
(4937, 1112484396),
(5395, 1112484396),
(5853, 1112484396),
(6311, 1112484396),
(6769, 1112484396),
(7227, 1112484396),
(305, 1112484512),
(763, 1112484512),
(1221, 1112484512),
(1679, 1112484512),
(2137, 1112484512),
(2595, 1112484512),
(3053, 1112484512),
(3511, 1112484512),
(3969, 1112484512),
(4427, 1112484512),
(4885, 1112484512),
(5343, 1112484512),
(5801, 1112484512),
(6259, 1112484512),
(6717, 1112484512),
(7175, 1112484512),
(340, 1112484605),
(798, 1112484605),
(1256, 1112484605),
(1714, 1112484605),
(2172, 1112484605),
(2630, 1112484605),
(3088, 1112484605),
(3546, 1112484605),
(4004, 1112484605),
(4462, 1112484605),
(4920, 1112484605),
(5378, 1112484605),
(5836, 1112484605),
(6294, 1112484605),
(6752, 1112484605),
(7210, 1112484605),
(431, 1112484793),
(889, 1112484793),
(1347, 1112484793),
(1805, 1112484793),
(2263, 1112484793),
(2721, 1112484793),
(3179, 1112484793),
(3637, 1112484793),
(4095, 1112484793),
(4553, 1112484793),
(5011, 1112484793),
(5469, 1112484793),
(5927, 1112484793),
(6385, 1112484793),
(6843, 1112484793),
(7301, 1112484793),
(456, 1112484806),
(914, 1112484806),
(1372, 1112484806),
(1830, 1112484806),
(2288, 1112484806),
(2746, 1112484806),
(3204, 1112484806),
(3662, 1112484806),
(4120, 1112484806),
(4578, 1112484806),
(5036, 1112484806),
(5494, 1112484806),
(5952, 1112484806),
(6410, 1112484806),
(6868, 1112484806),
(7326, 1112484806),
(304, 1112484963),
(762, 1112484963),
(1220, 1112484963),
(1678, 1112484963),
(2136, 1112484963),
(2594, 1112484963),
(3052, 1112484963),
(3510, 1112484963),
(3968, 1112484963),
(4426, 1112484963),
(4884, 1112484963),
(5342, 1112484963),
(5800, 1112484963),
(6258, 1112484963),
(6716, 1112484963),
(7174, 1112484963),
(359, 1112488768),
(817, 1112488768),
(1275, 1112488768),
(1733, 1112488768),
(2191, 1112488768),
(2649, 1112488768),
(3107, 1112488768),
(3565, 1112488768),
(4023, 1112488768),
(4481, 1112488768),
(4939, 1112488768),
(5397, 1112488768),
(5855, 1112488768),
(6313, 1112488768),
(6771, 1112488768),
(7229, 1112488768),
(289, 1112489378),
(747, 1112489378),
(1205, 1112489378),
(1663, 1112489378),
(2121, 1112489378),
(2579, 1112489378),
(3037, 1112489378),
(3495, 1112489378),
(3953, 1112489378),
(4411, 1112489378),
(4869, 1112489378),
(5327, 1112489378),
(5785, 1112489378),
(6243, 1112489378),
(6701, 1112489378),
(7159, 1112489378),
(358, 1112492076),
(816, 1112492076),
(1274, 1112492076),
(1732, 1112492076),
(2190, 1112492076),
(2648, 1112492076),
(3106, 1112492076),
(3564, 1112492076),
(4022, 1112492076),
(4480, 1112492076),
(4938, 1112492076),
(5396, 1112492076),
(5854, 1112492076),
(6312, 1112492076),
(6770, 1112492076),
(7228, 1112492076),
(303, 1112492447),
(761, 1112492447),
(1219, 1112492447),
(1677, 1112492447),
(2135, 1112492447),
(2593, 1112492447),
(3051, 1112492447),
(3509, 1112492447),
(3967, 1112492447),
(4425, 1112492447),
(4883, 1112492447),
(5341, 1112492447),
(5799, 1112492447),
(6257, 1112492447),
(6715, 1112492447),
(7173, 1112492447),
(301, 1112493001),
(759, 1112493001),
(1217, 1112493001),
(1675, 1112493001),
(2133, 1112493001),
(2591, 1112493001),
(3049, 1112493001),
(3507, 1112493001),
(3965, 1112493001),
(4423, 1112493001),
(4881, 1112493001),
(5339, 1112493001),
(5797, 1112493001),
(6255, 1112493001),
(6713, 1112493001),
(7171, 1112493001),
(451, 1112493688),
(909, 1112493688),
(1367, 1112493688),
(1825, 1112493688),
(2283, 1112493688),
(2741, 1112493688),
(3199, 1112493688),
(3657, 1112493688),
(4115, 1112493688),
(4573, 1112493688),
(5031, 1112493688),
(5489, 1112493688),
(5947, 1112493688),
(6405, 1112493688),
(6863, 1112493688),
(7321, 1112493688),
(381, 1112495317),
(839, 1112495317),
(1297, 1112495317),
(1755, 1112495317),
(2213, 1112495317),
(2671, 1112495317),
(3129, 1112495317),
(3587, 1112495317),
(4045, 1112495317),
(4503, 1112495317),
(4961, 1112495317),
(5419, 1112495317),
(5877, 1112495317),
(6335, 1112495317),
(6793, 1112495317),
(7251, 1112495317),
(427, 1112495521),
(885, 1112495521),
(1343, 1112495521),
(1801, 1112495521),
(2259, 1112495521),
(2717, 1112495521),
(3175, 1112495521),
(3633, 1112495521),
(4091, 1112495521),
(4549, 1112495521),
(5007, 1112495521),
(5465, 1112495521),
(5923, 1112495521),
(6381, 1112495521),
(6839, 1112495521),
(7297, 1112495521),
(446, 1112496756),
(904, 1112496756),
(1362, 1112496756),
(1820, 1112496756),
(2278, 1112496756),
(2736, 1112496756),
(3194, 1112496756),
(3652, 1112496756),
(4110, 1112496756),
(4568, 1112496756),
(5026, 1112496756),
(5484, 1112496756),
(5942, 1112496756),
(6400, 1112496756),
(6858, 1112496756),
(7316, 1112496756),
(299, 1112498058),
(757, 1112498058),
(1215, 1112498058),
(1673, 1112498058),
(2131, 1112498058),
(2589, 1112498058),
(3047, 1112498058),
(3505, 1112498058),
(3963, 1112498058),
(4421, 1112498058),
(4879, 1112498058),
(5337, 1112498058),
(5795, 1112498058),
(6253, 1112498058),
(6711, 1112498058),
(7169, 1112498058),
(98, 1112958126),
(556, 1112958126),
(1014, 1112958126),
(1472, 1112958126),
(1930, 1112958126),
(2388, 1112958126),
(2846, 1112958126),
(3304, 1112958126),
(3762, 1112958126),
(4220, 1112958126),
(4678, 1112958126),
(5136, 1112958126),
(5594, 1112958126),
(6052, 1112958126),
(6510, 1112958126),
(6968, 1112958126),
(7426, 1112958126),
(45, 1113002017),
(503, 1113002017),
(961, 1113002017),
(1419, 1113002017),
(1877, 1113002017),
(2335, 1113002017),
(2793, 1113002017),
(3251, 1113002017),
(3709, 1113002017),
(4167, 1113002017),
(4625, 1113002017),
(5083, 1113002017),
(5541, 1113002017),
(5999, 1113002017),
(6457, 1113002017),
(6915, 1113002017),
(7373, 1113002017),
(91, 1113303034),
(549, 1113303034),
(1007, 1113303034),
(1465, 1113303034),
(1923, 1113303034),
(2381, 1113303034),
(2839, 1113303034),
(3297, 1113303034),
(3755, 1113303034),
(4213, 1113303034),
(4671, 1113303034),
(5129, 1113303034),
(5587, 1113303034),
(6045, 1113303034),
(6503, 1113303034),
(6961, 1113303034),
(7419, 1113303034),
(423, 1113309175),
(881, 1113309175),
(1339, 1113309175),
(1797, 1113309175),
(2255, 1113309175),
(2713, 1113309175),
(3171, 1113309175),
(3629, 1113309175),
(4087, 1113309175),
(4545, 1113309175),
(5003, 1113309175),
(5461, 1113309175),
(5919, 1113309175),
(6377, 1113309175),
(6835, 1113309175),
(7293, 1113309175),
(317, 1113526521),
(775, 1113526521),
(1233, 1113526521),
(1691, 1113526521),
(2149, 1113526521),
(2607, 1113526521),
(3065, 1113526521),
(3523, 1113526521),
(3981, 1113526521),
(4439, 1113526521),
(4897, 1113526521),
(5355, 1113526521),
(5813, 1113526521),
(6271, 1113526521),
(6729, 1113526521),
(7187, 1113526521),
(119, 1113642956),
(577, 1113642956),
(1035, 1113642956),
(1493, 1113642956),
(1951, 1113642956),
(2409, 1113642956),
(2867, 1113642956),
(3325, 1113642956),
(3783, 1113642956),
(4241, 1113642956),
(4699, 1113642956),
(5157, 1113642956),
(5615, 1113642956),
(6073, 1113642956),
(6531, 1113642956),
(6989, 1113642956),
(7447, 1113642956),
(133, 1113687313),
(591, 1113687313),
(1049, 1113687313),
(1507, 1113687313),
(1965, 1113687313),
(2423, 1113687313),
(2881, 1113687313),
(3339, 1113687313),
(3797, 1113687313),
(4255, 1113687313),
(4713, 1113687313),
(5171, 1113687313),
(5629, 1113687313),
(6087, 1113687313),
(6545, 1113687313),
(7003, 1113687313),
(7461, 1113687313),
(318, 1113778296),
(776, 1113778296),
(1234, 1113778296),
(1692, 1113778296),
(2150, 1113778296),
(2608, 1113778296),
(3066, 1113778296),
(3524, 1113778296),
(3982, 1113778296),
(4440, 1113778296),
(4898, 1113778296),
(5356, 1113778296),
(5814, 1113778296),
(6272, 1113778296),
(6730, 1113778296),
(7188, 1113778296),
(32, 1113781893),
(490, 1113781893),
(948, 1113781893),
(1406, 1113781893),
(1864, 1113781893),
(2322, 1113781893),
(2780, 1113781893),
(3238, 1113781893),
(3696, 1113781893),
(4154, 1113781893),
(4612, 1113781893),
(5070, 1113781893),
(5528, 1113781893),
(5986, 1113781893),
(6444, 1113781893),
(6902, 1113781893),
(7360, 1113781893),
(163, 1114388381),
(621, 1114388381),
(1079, 1114388381),
(1537, 1114388381),
(1995, 1114388381),
(2453, 1114388381),
(2911, 1114388381),
(3369, 1114388381),
(3827, 1114388381),
(4285, 1114388381),
(4743, 1114388381),
(5201, 1114388381),
(5659, 1114388381),
(6117, 1114388381),
(6575, 1114388381),
(7033, 1114388381),
(7491, 1114388381),
(202, 1114391911),
(660, 1114391911),
(1118, 1114391911),
(1576, 1114391911),
(2034, 1114391911),
(2492, 1114391911),
(2950, 1114391911),
(3408, 1114391911),
(3866, 1114391911),
(4324, 1114391911),
(4782, 1114391911),
(5240, 1114391911),
(5698, 1114391911),
(6156, 1114391911),
(6614, 1114391911),
(7072, 1114391911),
(7530, 1114391911),
(228, 1114481593),
(686, 1114481593),
(1144, 1114481593),
(1602, 1114481593),
(2060, 1114481593),
(2518, 1114481593),
(2976, 1114481593),
(3434, 1114481593),
(3892, 1114481593),
(4350, 1114481593),
(4808, 1114481593),
(5266, 1114481593),
(5724, 1114481593),
(6182, 1114481593),
(6640, 1114481593),
(7098, 1114481593),
(7556, 1114481593),
(229, 1114481796),
(687, 1114481796),
(1145, 1114481796),
(1603, 1114481796),
(2061, 1114481796),
(2519, 1114481796),
(2977, 1114481796),
(3435, 1114481796),
(3893, 1114481796),
(4351, 1114481796),
(4809, 1114481796),
(5267, 1114481796),
(5725, 1114481796),
(6183, 1114481796),
(6641, 1114481796),
(7099, 1114481796),
(7557, 1114481796),
(244, 1114488678),
(702, 1114488678),
(1160, 1114488678),
(1618, 1114488678),
(2076, 1114488678),
(2534, 1114488678),
(2992, 1114488678),
(3450, 1114488678),
(3908, 1114488678),
(4366, 1114488678),
(4824, 1114488678),
(5282, 1114488678),
(5740, 1114488678),
(6198, 1114488678),
(6656, 1114488678),
(7114, 1114488678),
(7572, 1114488678),
(275, 1114880812),
(733, 1114880812),
(1191, 1114880812),
(1649, 1114880812),
(2107, 1114880812),
(2565, 1114880812),
(3023, 1114880812),
(3481, 1114880812),
(3939, 1114880812),
(4397, 1114880812),
(4855, 1114880812),
(5313, 1114880812),
(5771, 1114880812),
(6229, 1114880812),
(6687, 1114880812),
(7145, 1114880812),
(7603, 1114880812),
(246, 1116235750),
(704, 1116235750),
(1162, 1116235750),
(1620, 1116235750),
(2078, 1116235750),
(2536, 1116235750),
(2994, 1116235750),
(3452, 1116235750),
(3910, 1116235750),
(4368, 1116235750),
(4826, 1116235750),
(5284, 1116235750),
(5742, 1116235750);
INSERT INTO `numeros` (`numero`, `id_cedula`) VALUES
(6200, 1116235750),
(6658, 1116235750),
(7116, 1116235750),
(7574, 1116235750),
(80, 1116374500),
(538, 1116374500),
(996, 1116374500),
(1454, 1116374500),
(1912, 1116374500),
(2370, 1116374500),
(2828, 1116374500),
(3286, 1116374500),
(3744, 1116374500),
(4202, 1116374500),
(4660, 1116374500),
(5118, 1116374500),
(5576, 1116374500),
(6034, 1116374500),
(6492, 1116374500),
(6950, 1116374500),
(7408, 1116374500),
(327, 1117222333),
(785, 1117222333),
(1243, 1117222333),
(1701, 1117222333),
(2159, 1117222333),
(2617, 1117222333),
(3075, 1117222333),
(3533, 1117222333),
(3991, 1117222333),
(4449, 1117222333),
(4907, 1117222333),
(5365, 1117222333),
(5823, 1117222333),
(6281, 1117222333),
(6739, 1117222333),
(7197, 1117222333),
(296, 1117488403),
(754, 1117488403),
(1212, 1117488403),
(1670, 1117488403),
(2128, 1117488403),
(2586, 1117488403),
(3044, 1117488403),
(3502, 1117488403),
(3960, 1117488403),
(4418, 1117488403),
(4876, 1117488403),
(5334, 1117488403),
(5792, 1117488403),
(6250, 1117488403),
(6708, 1117488403),
(7166, 1117488403),
(184, 1118002017),
(642, 1118002017),
(1100, 1118002017),
(1558, 1118002017),
(2016, 1118002017),
(2474, 1118002017),
(2932, 1118002017),
(3390, 1118002017),
(3848, 1118002017),
(4306, 1118002017),
(4764, 1118002017),
(5222, 1118002017),
(5680, 1118002017),
(6138, 1118002017),
(6596, 1118002017),
(7054, 1118002017),
(7512, 1118002017),
(6, 1118111222),
(464, 1118111222),
(922, 1118111222),
(1380, 1118111222),
(1838, 1118111222),
(2296, 1118111222),
(2754, 1118111222),
(3212, 1118111222),
(3670, 1118111222),
(4128, 1118111222),
(4586, 1118111222),
(5044, 1118111222),
(5502, 1118111222),
(5960, 1118111222),
(6418, 1118111222),
(6876, 1118111222),
(7334, 1118111222),
(426, 1118236128),
(884, 1118236128),
(1342, 1118236128),
(1800, 1118236128),
(2258, 1118236128),
(2716, 1118236128),
(3174, 1118236128),
(3632, 1118236128),
(4090, 1118236128),
(4548, 1118236128),
(5006, 1118236128),
(5464, 1118236128),
(5922, 1118236128),
(6380, 1118236128),
(6838, 1118236128),
(7296, 1118236128),
(205, 1118256221),
(663, 1118256221),
(1121, 1118256221),
(1579, 1118256221),
(2037, 1118256221),
(2495, 1118256221),
(2953, 1118256221),
(3411, 1118256221),
(3869, 1118256221),
(4327, 1118256221),
(4785, 1118256221),
(5243, 1118256221),
(5701, 1118256221),
(6159, 1118256221),
(6617, 1118256221),
(7075, 1118256221),
(7533, 1118256221),
(106, 1118257529),
(564, 1118257529),
(1022, 1118257529),
(1480, 1118257529),
(1938, 1118257529),
(2396, 1118257529),
(2854, 1118257529),
(3312, 1118257529),
(3770, 1118257529),
(4228, 1118257529),
(4686, 1118257529),
(5144, 1118257529),
(5602, 1118257529),
(6060, 1118257529),
(6518, 1118257529),
(6976, 1118257529),
(7434, 1118257529),
(167, 1118258662),
(625, 1118258662),
(1083, 1118258662),
(1541, 1118258662),
(1999, 1118258662),
(2457, 1118258662),
(2915, 1118258662),
(3373, 1118258662),
(3831, 1118258662),
(4289, 1118258662),
(4747, 1118258662),
(5205, 1118258662),
(5663, 1118258662),
(6121, 1118258662),
(6579, 1118258662),
(7037, 1118258662),
(7495, 1118258662),
(207, 1118258673),
(665, 1118258673),
(1123, 1118258673),
(1581, 1118258673),
(2039, 1118258673),
(2497, 1118258673),
(2955, 1118258673),
(3413, 1118258673),
(3871, 1118258673),
(4329, 1118258673),
(4787, 1118258673),
(5245, 1118258673),
(5703, 1118258673),
(6161, 1118258673),
(6619, 1118258673),
(7077, 1118258673),
(7535, 1118258673),
(103, 1118259234),
(561, 1118259234),
(1019, 1118259234),
(1477, 1118259234),
(1935, 1118259234),
(2393, 1118259234),
(2851, 1118259234),
(3309, 1118259234),
(3767, 1118259234),
(4225, 1118259234),
(4683, 1118259234),
(5141, 1118259234),
(5599, 1118259234),
(6057, 1118259234),
(6515, 1118259234),
(6973, 1118259234),
(7431, 1118259234),
(258, 1118259335),
(716, 1118259335),
(1174, 1118259335),
(1632, 1118259335),
(2090, 1118259335),
(2548, 1118259335),
(3006, 1118259335),
(3464, 1118259335),
(3922, 1118259335),
(4380, 1118259335),
(4838, 1118259335),
(5296, 1118259335),
(5754, 1118259335),
(6212, 1118259335),
(6670, 1118259335),
(7128, 1118259335),
(7586, 1118259335),
(25, 1118282306),
(483, 1118282306),
(941, 1118282306),
(1399, 1118282306),
(1857, 1118282306),
(2315, 1118282306),
(2773, 1118282306),
(3231, 1118282306),
(3689, 1118282306),
(4147, 1118282306),
(4605, 1118282306),
(5063, 1118282306),
(5521, 1118282306),
(5979, 1118282306),
(6437, 1118282306),
(6895, 1118282306),
(7353, 1118282306),
(199, 1118283211),
(657, 1118283211),
(1115, 1118283211),
(1573, 1118283211),
(2031, 1118283211),
(2489, 1118283211),
(2947, 1118283211),
(3405, 1118283211),
(3863, 1118283211),
(4321, 1118283211),
(4779, 1118283211),
(5237, 1118283211),
(5695, 1118283211),
(6153, 1118283211),
(6611, 1118283211),
(7069, 1118283211),
(7527, 1118283211),
(131, 1118283608),
(589, 1118283608),
(1047, 1118283608),
(1505, 1118283608),
(1963, 1118283608),
(2421, 1118283608),
(2879, 1118283608),
(3337, 1118283608),
(3795, 1118283608),
(4253, 1118283608),
(4711, 1118283608),
(5169, 1118283608),
(5627, 1118283608),
(6085, 1118283608),
(6543, 1118283608),
(7001, 1118283608),
(7459, 1118283608),
(78, 1118285073),
(536, 1118285073),
(994, 1118285073),
(1452, 1118285073),
(1910, 1118285073),
(2368, 1118285073),
(2826, 1118285073),
(3284, 1118285073),
(3742, 1118285073),
(4200, 1118285073),
(4658, 1118285073),
(5116, 1118285073),
(5574, 1118285073),
(6032, 1118285073),
(6490, 1118285073),
(6948, 1118285073),
(7406, 1118285073),
(107, 1118285615),
(565, 1118285615),
(1023, 1118285615),
(1481, 1118285615),
(1939, 1118285615),
(2397, 1118285615),
(2855, 1118285615),
(3313, 1118285615),
(3771, 1118285615),
(4229, 1118285615),
(4687, 1118285615),
(5145, 1118285615),
(5603, 1118285615),
(6061, 1118285615),
(6519, 1118285615),
(6977, 1118285615),
(7435, 1118285615),
(173, 1118286652),
(631, 1118286652),
(1089, 1118286652),
(1547, 1118286652),
(2005, 1118286652),
(2463, 1118286652),
(2921, 1118286652),
(3379, 1118286652),
(3837, 1118286652),
(4295, 1118286652),
(4753, 1118286652),
(5211, 1118286652),
(5669, 1118286652),
(6127, 1118286652),
(6585, 1118286652),
(7043, 1118286652),
(7501, 1118286652),
(75, 1118289312),
(533, 1118289312),
(991, 1118289312),
(1449, 1118289312),
(1907, 1118289312),
(2365, 1118289312),
(2823, 1118289312),
(3281, 1118289312),
(3739, 1118289312),
(4197, 1118289312),
(4655, 1118289312),
(5113, 1118289312),
(5571, 1118289312),
(6029, 1118289312),
(6487, 1118289312),
(6945, 1118289312),
(7403, 1118289312),
(66, 1118289992),
(524, 1118289992),
(982, 1118289992),
(1440, 1118289992),
(1898, 1118289992),
(2356, 1118289992),
(2814, 1118289992),
(3272, 1118289992),
(3730, 1118289992),
(4188, 1118289992),
(4646, 1118289992),
(5104, 1118289992),
(5562, 1118289992),
(6020, 1118289992),
(6478, 1118289992),
(6936, 1118289992),
(7394, 1118289992),
(46, 1118290086),
(504, 1118290086),
(962, 1118290086),
(1420, 1118290086),
(1878, 1118290086),
(2336, 1118290086),
(2794, 1118290086),
(3252, 1118290086),
(3710, 1118290086),
(4168, 1118290086),
(4626, 1118290086),
(5084, 1118290086),
(5542, 1118290086),
(6000, 1118290086),
(6458, 1118290086),
(6916, 1118290086),
(7374, 1118290086),
(21, 1118291351),
(479, 1118291351),
(937, 1118291351),
(1395, 1118291351),
(1853, 1118291351),
(2311, 1118291351),
(2769, 1118291351),
(3227, 1118291351),
(3685, 1118291351),
(4143, 1118291351),
(4601, 1118291351),
(5059, 1118291351),
(5517, 1118291351),
(5975, 1118291351),
(6433, 1118291351),
(6891, 1118291351),
(7349, 1118291351),
(12, 1118291404),
(470, 1118291404),
(928, 1118291404),
(1386, 1118291404),
(1844, 1118291404),
(2302, 1118291404),
(2760, 1118291404),
(3218, 1118291404),
(3676, 1118291404),
(4134, 1118291404),
(4592, 1118291404),
(5050, 1118291404),
(5508, 1118291404),
(5966, 1118291404),
(6424, 1118291404),
(6882, 1118291404),
(7340, 1118291404),
(208, 1118293030),
(666, 1118293030),
(1124, 1118293030),
(1582, 1118293030),
(2040, 1118293030),
(2498, 1118293030),
(2956, 1118293030),
(3414, 1118293030),
(3872, 1118293030),
(4330, 1118293030),
(4788, 1118293030),
(5246, 1118293030),
(5704, 1118293030),
(6162, 1118293030),
(6620, 1118293030),
(7078, 1118293030),
(7536, 1118293030),
(168, 1118293486),
(626, 1118293486),
(1084, 1118293486),
(1542, 1118293486),
(2000, 1118293486),
(2458, 1118293486),
(2916, 1118293486),
(3374, 1118293486),
(3832, 1118293486),
(4290, 1118293486),
(4748, 1118293486),
(5206, 1118293486),
(5664, 1118293486),
(6122, 1118293486),
(6580, 1118293486),
(7038, 1118293486),
(7496, 1118293486),
(97, 1118296877),
(555, 1118296877),
(1013, 1118296877),
(1471, 1118296877),
(1929, 1118296877),
(2387, 1118296877),
(2845, 1118296877),
(3303, 1118296877),
(3761, 1118296877),
(4219, 1118296877),
(4677, 1118296877),
(5135, 1118296877),
(5593, 1118296877),
(6051, 1118296877),
(6509, 1118296877),
(6967, 1118296877),
(7425, 1118296877),
(42, 1118297255),
(500, 1118297255),
(958, 1118297255),
(1416, 1118297255),
(1874, 1118297255),
(2332, 1118297255),
(2790, 1118297255),
(3248, 1118297255),
(3706, 1118297255),
(4164, 1118297255),
(4622, 1118297255),
(5080, 1118297255),
(5538, 1118297255),
(5996, 1118297255),
(6454, 1118297255),
(6912, 1118297255),
(7370, 1118297255),
(101, 1118300247),
(559, 1118300247),
(1017, 1118300247),
(1475, 1118300247),
(1933, 1118300247),
(2391, 1118300247),
(2849, 1118300247),
(3307, 1118300247),
(3765, 1118300247),
(4223, 1118300247),
(4681, 1118300247),
(5139, 1118300247),
(5597, 1118300247),
(6055, 1118300247),
(6513, 1118300247),
(6971, 1118300247),
(7429, 1118300247),
(191, 1118300667),
(649, 1118300667),
(1107, 1118300667),
(1565, 1118300667),
(2023, 1118300667),
(2481, 1118300667),
(2939, 1118300667),
(3397, 1118300667),
(3855, 1118300667),
(4313, 1118300667),
(4771, 1118300667),
(5229, 1118300667),
(5687, 1118300667),
(6145, 1118300667),
(6603, 1118300667),
(7061, 1118300667),
(7519, 1118300667),
(257, 1118301379),
(715, 1118301379),
(1173, 1118301379),
(1631, 1118301379),
(2089, 1118301379),
(2547, 1118301379),
(3005, 1118301379),
(3463, 1118301379),
(3921, 1118301379),
(4379, 1118301379),
(4837, 1118301379),
(5295, 1118301379),
(5753, 1118301379),
(6211, 1118301379),
(6669, 1118301379),
(7127, 1118301379),
(7585, 1118301379),
(141, 1118301525),
(599, 1118301525),
(1057, 1118301525),
(1515, 1118301525),
(1973, 1118301525),
(2431, 1118301525),
(2889, 1118301525),
(3347, 1118301525),
(3805, 1118301525),
(4263, 1118301525),
(4721, 1118301525),
(5179, 1118301525),
(5637, 1118301525),
(6095, 1118301525),
(6553, 1118301525),
(7011, 1118301525),
(7469, 1118301525),
(74, 1118301543),
(532, 1118301543),
(990, 1118301543),
(1448, 1118301543),
(1906, 1118301543),
(2364, 1118301543),
(2822, 1118301543),
(3280, 1118301543),
(3738, 1118301543),
(4196, 1118301543),
(4654, 1118301543),
(5112, 1118301543),
(5570, 1118301543),
(6028, 1118301543),
(6486, 1118301543),
(6944, 1118301543),
(7402, 1118301543),
(170, 1118302948),
(628, 1118302948),
(1086, 1118302948),
(1544, 1118302948),
(2002, 1118302948),
(2460, 1118302948),
(2918, 1118302948),
(3376, 1118302948),
(3834, 1118302948),
(4292, 1118302948),
(4750, 1118302948),
(5208, 1118302948),
(5666, 1118302948),
(6124, 1118302948),
(6582, 1118302948),
(7040, 1118302948),
(7498, 1118302948),
(197, 1118303657),
(655, 1118303657),
(1113, 1118303657),
(1571, 1118303657),
(2029, 1118303657),
(2487, 1118303657),
(2945, 1118303657),
(3403, 1118303657),
(3861, 1118303657),
(4319, 1118303657),
(4777, 1118303657),
(5235, 1118303657),
(5693, 1118303657),
(6151, 1118303657),
(6609, 1118303657),
(7067, 1118303657),
(7525, 1118303657),
(100, 1118305783),
(558, 1118305783),
(1016, 1118305783),
(1474, 1118305783),
(1932, 1118305783),
(2390, 1118305783),
(2848, 1118305783),
(3306, 1118305783),
(3764, 1118305783),
(4222, 1118305783),
(4680, 1118305783),
(5138, 1118305783),
(5596, 1118305783),
(6054, 1118305783),
(6512, 1118305783),
(6970, 1118305783),
(7428, 1118305783),
(63, 1118306152),
(521, 1118306152),
(979, 1118306152),
(1437, 1118306152),
(1895, 1118306152),
(2353, 1118306152),
(2811, 1118306152),
(3269, 1118306152),
(3727, 1118306152),
(4185, 1118306152),
(4643, 1118306152),
(5101, 1118306152),
(5559, 1118306152),
(6017, 1118306152),
(6475, 1118306152),
(6933, 1118306152),
(7391, 1118306152),
(61, 1118307857),
(519, 1118307857),
(977, 1118307857),
(1435, 1118307857),
(1893, 1118307857),
(2351, 1118307857),
(2809, 1118307857),
(3267, 1118307857),
(3725, 1118307857),
(4183, 1118307857),
(4641, 1118307857),
(5099, 1118307857),
(5557, 1118307857),
(6015, 1118307857),
(6473, 1118307857),
(6931, 1118307857),
(7389, 1118307857),
(38, 1118308247),
(496, 1118308247),
(954, 1118308247),
(1412, 1118308247),
(1870, 1118308247),
(2328, 1118308247),
(2786, 1118308247),
(3244, 1118308247),
(3702, 1118308247),
(4160, 1118308247),
(4618, 1118308247),
(5076, 1118308247),
(5534, 1118308247),
(5992, 1118308247),
(6450, 1118308247),
(6908, 1118308247),
(7366, 1118308247),
(14, 1118308542),
(472, 1118308542),
(930, 1118308542),
(1388, 1118308542),
(1846, 1118308542),
(2304, 1118308542),
(2762, 1118308542),
(3220, 1118308542),
(3678, 1118308542),
(4136, 1118308542),
(4594, 1118308542),
(5052, 1118308542),
(5510, 1118308542),
(5968, 1118308542),
(6426, 1118308542),
(6884, 1118308542),
(7342, 1118308542),
(36, 1118308562),
(494, 1118308562),
(952, 1118308562),
(1410, 1118308562),
(1868, 1118308562),
(2326, 1118308562),
(2784, 1118308562),
(3242, 1118308562),
(3700, 1118308562),
(4158, 1118308562),
(4616, 1118308562),
(5074, 1118308562),
(5532, 1118308562),
(5990, 1118308562),
(6448, 1118308562),
(6906, 1118308562),
(7364, 1118308562),
(67, 1118309360),
(525, 1118309360),
(983, 1118309360),
(1441, 1118309360),
(1899, 1118309360),
(2357, 1118309360),
(2815, 1118309360),
(3273, 1118309360),
(3731, 1118309360),
(4189, 1118309360),
(4647, 1118309360),
(5105, 1118309360),
(5563, 1118309360),
(6021, 1118309360),
(6479, 1118309360),
(6937, 1118309360),
(7395, 1118309360),
(189, 1118309398),
(647, 1118309398),
(1105, 1118309398),
(1563, 1118309398),
(2021, 1118309398),
(2479, 1118309398),
(2937, 1118309398),
(3395, 1118309398),
(3853, 1118309398),
(4311, 1118309398),
(4769, 1118309398),
(5227, 1118309398),
(5685, 1118309398),
(6143, 1118309398),
(6601, 1118309398),
(7059, 1118309398),
(7517, 1118309398),
(263, 1118309412),
(721, 1118309412),
(1179, 1118309412),
(1637, 1118309412),
(2095, 1118309412),
(2553, 1118309412),
(3011, 1118309412),
(3469, 1118309412),
(3927, 1118309412),
(4385, 1118309412),
(4843, 1118309412),
(5301, 1118309412),
(5759, 1118309412),
(6217, 1118309412),
(6675, 1118309412),
(7133, 1118309412),
(7591, 1118309412),
(132, 1118309502),
(590, 1118309502),
(1048, 1118309502),
(1506, 1118309502),
(1964, 1118309502),
(2422, 1118309502),
(2880, 1118309502),
(3338, 1118309502),
(3796, 1118309502),
(4254, 1118309502),
(4712, 1118309502),
(5170, 1118309502),
(5628, 1118309502),
(6086, 1118309502),
(6544, 1118309502),
(7002, 1118309502),
(7460, 1118309502),
(59, 1118309688),
(517, 1118309688),
(975, 1118309688),
(1433, 1118309688),
(1891, 1118309688),
(2349, 1118309688),
(2807, 1118309688),
(3265, 1118309688),
(3723, 1118309688),
(4181, 1118309688),
(4639, 1118309688),
(5097, 1118309688),
(5555, 1118309688),
(6013, 1118309688),
(6471, 1118309688),
(6929, 1118309688),
(7387, 1118309688),
(262, 1118309731),
(720, 1118309731),
(1178, 1118309731),
(1636, 1118309731),
(2094, 1118309731),
(2552, 1118309731),
(3010, 1118309731),
(3468, 1118309731),
(3926, 1118309731),
(4384, 1118309731),
(4842, 1118309731),
(5300, 1118309731),
(5758, 1118309731),
(6216, 1118309731),
(6674, 1118309731),
(7132, 1118309731),
(7590, 1118309731),
(68, 1118310206),
(526, 1118310206),
(984, 1118310206),
(1442, 1118310206),
(1900, 1118310206),
(2358, 1118310206),
(2816, 1118310206),
(3274, 1118310206),
(3732, 1118310206),
(4190, 1118310206),
(4648, 1118310206),
(5106, 1118310206),
(5564, 1118310206),
(6022, 1118310206),
(6480, 1118310206),
(6938, 1118310206),
(7396, 1118310206),
(15, 1118310644),
(473, 1118310644),
(931, 1118310644),
(1389, 1118310644),
(1847, 1118310644),
(2305, 1118310644),
(2763, 1118310644),
(3221, 1118310644),
(3679, 1118310644),
(4137, 1118310644),
(4595, 1118310644),
(5053, 1118310644),
(5511, 1118310644),
(5969, 1118310644),
(6427, 1118310644),
(6885, 1118310644),
(7343, 1118310644),
(13, 1118311390),
(471, 1118311390),
(929, 1118311390),
(1387, 1118311390),
(1845, 1118311390),
(2303, 1118311390),
(2761, 1118311390),
(3219, 1118311390),
(3677, 1118311390),
(4135, 1118311390),
(4593, 1118311390),
(5051, 1118311390),
(5509, 1118311390),
(5967, 1118311390),
(6425, 1118311390),
(6883, 1118311390),
(7341, 1118311390),
(416, 1119444555),
(874, 1119444555),
(1332, 1119444555),
(1790, 1119444555),
(2248, 1119444555),
(2706, 1119444555),
(3164, 1119444555),
(3622, 1119444555),
(4080, 1119444555),
(4538, 1119444555),
(4996, 1119444555),
(5454, 1119444555),
(5912, 1119444555),
(6370, 1119444555),
(6828, 1119444555),
(7286, 1119444555),
(53, 1124244717),
(511, 1124244717),
(969, 1124244717),
(1427, 1124244717),
(1885, 1124244717),
(2343, 1124244717),
(2801, 1124244717),
(3259, 1124244717),
(3717, 1124244717),
(4175, 1124244717),
(4633, 1124244717),
(5091, 1124244717),
(5549, 1124244717),
(6007, 1124244717),
(6465, 1124244717),
(6923, 1124244717),
(7381, 1124244717),
(89, 1125111222),
(547, 1125111222),
(1005, 1125111222),
(1463, 1125111222),
(1921, 1125111222),
(2379, 1125111222),
(2837, 1125111222),
(3295, 1125111222),
(3753, 1125111222),
(4211, 1125111222),
(4669, 1125111222),
(5127, 1125111222),
(5585, 1125111222),
(6043, 1125111222),
(6501, 1125111222),
(6959, 1125111222),
(7417, 1125111222),
(27, 1126910498),
(485, 1126910498),
(943, 1126910498),
(1401, 1126910498),
(1859, 1126910498),
(2317, 1126910498),
(2775, 1126910498),
(3233, 1126910498),
(3691, 1126910498),
(4149, 1126910498),
(4607, 1126910498),
(5065, 1126910498),
(5523, 1126910498),
(5981, 1126910498),
(6439, 1126910498),
(6897, 1126910498),
(7355, 1126910498),
(218, 1127336319),
(676, 1127336319),
(1134, 1127336319),
(1592, 1127336319),
(2050, 1127336319),
(2508, 1127336319),
(2966, 1127336319),
(3424, 1127336319),
(3882, 1127336319),
(4340, 1127336319),
(4798, 1127336319),
(5256, 1127336319),
(5714, 1127336319),
(6172, 1127336319),
(6630, 1127336319),
(7088, 1127336319),
(7546, 1127336319),
(35, 1127956499),
(493, 1127956499),
(951, 1127956499),
(1409, 1127956499),
(1867, 1127956499),
(2325, 1127956499),
(2783, 1127956499),
(3241, 1127956499),
(3699, 1127956499),
(4157, 1127956499),
(4615, 1127956499),
(5073, 1127956499),
(5531, 1127956499),
(5989, 1127956499),
(6447, 1127956499),
(6905, 1127956499),
(7363, 1127956499),
(214, 1130587740),
(672, 1130587740),
(1130, 1130587740),
(1588, 1130587740),
(2046, 1130587740),
(2504, 1130587740),
(2962, 1130587740),
(3420, 1130587740),
(3878, 1130587740),
(4336, 1130587740),
(4794, 1130587740),
(5252, 1130587740),
(5710, 1130587740),
(6168, 1130587740),
(6626, 1130587740),
(7084, 1130587740),
(7542, 1130587740),
(194, 1130597829),
(652, 1130597829),
(1110, 1130597829),
(1568, 1130597829),
(2026, 1130597829),
(2484, 1130597829),
(2942, 1130597829),
(3400, 1130597829),
(3858, 1130597829),
(4316, 1130597829),
(4774, 1130597829),
(5232, 1130597829),
(5690, 1130597829),
(6148, 1130597829),
(6606, 1130597829),
(7064, 1130597829),
(7522, 1130597829),
(233, 1130618717),
(691, 1130618717),
(1149, 1130618717),
(1607, 1130618717),
(2065, 1130618717),
(2523, 1130618717),
(2981, 1130618717),
(3439, 1130618717),
(3897, 1130618717),
(4355, 1130618717),
(4813, 1130618717),
(5271, 1130618717),
(5729, 1130618717),
(6187, 1130618717),
(6645, 1130618717),
(7103, 1130618717),
(7561, 1130618717),
(433, 1130619388),
(891, 1130619388),
(1349, 1130619388),
(1807, 1130619388),
(2265, 1130619388),
(2723, 1130619388),
(3181, 1130619388),
(3639, 1130619388),
(4097, 1130619388),
(4555, 1130619388),
(5013, 1130619388),
(5471, 1130619388),
(5929, 1130619388),
(6387, 1130619388),
(6845, 1130619388),
(7303, 1130619388),
(231, 1130628325),
(689, 1130628325),
(1147, 1130628325),
(1605, 1130628325),
(2063, 1130628325),
(2521, 1130628325),
(2979, 1130628325),
(3437, 1130628325),
(3895, 1130628325),
(4353, 1130628325),
(4811, 1130628325),
(5269, 1130628325),
(5727, 1130628325),
(6185, 1130628325),
(6643, 1130628325),
(7101, 1130628325),
(7559, 1130628325),
(87, 1130646276),
(545, 1130646276),
(1003, 1130646276),
(1461, 1130646276),
(1919, 1130646276),
(2377, 1130646276),
(2835, 1130646276),
(3293, 1130646276),
(3751, 1130646276),
(4209, 1130646276),
(4667, 1130646276),
(5125, 1130646276),
(5583, 1130646276),
(6041, 1130646276),
(6499, 1130646276),
(6957, 1130646276),
(7415, 1130646276),
(295, 1140422140),
(753, 1140422140),
(1211, 1140422140),
(1669, 1140422140),
(2127, 1140422140),
(2585, 1140422140),
(3043, 1140422140),
(3501, 1140422140),
(3959, 1140422140),
(4417, 1140422140),
(4875, 1140422140),
(5333, 1140422140),
(5791, 1140422140),
(6249, 1140422140),
(6707, 1140422140),
(7165, 1140422140),
(104, 1143832342),
(562, 1143832342),
(1020, 1143832342),
(1478, 1143832342),
(1936, 1143832342),
(2394, 1143832342),
(2852, 1143832342),
(3310, 1143832342),
(3768, 1143832342),
(4226, 1143832342),
(4684, 1143832342),
(5142, 1143832342),
(5600, 1143832342),
(6058, 1143832342),
(6516, 1143832342),
(6974, 1143832342),
(7432, 1143832342),
(71, 1143869262),
(529, 1143869262),
(987, 1143869262),
(1445, 1143869262),
(1903, 1143869262),
(2361, 1143869262),
(2819, 1143869262),
(3277, 1143869262),
(3735, 1143869262),
(4193, 1143869262),
(4651, 1143869262),
(5109, 1143869262),
(5567, 1143869262),
(6025, 1143869262),
(6483, 1143869262),
(6941, 1143869262),
(7399, 1143869262),
(401, 1143952693),
(859, 1143952693),
(1317, 1143952693),
(1775, 1143952693),
(2233, 1143952693),
(2691, 1143952693),
(3149, 1143952693),
(3607, 1143952693),
(4065, 1143952693),
(4523, 1143952693),
(4981, 1143952693),
(5439, 1143952693),
(5897, 1143952693),
(6355, 1143952693),
(6813, 1143952693),
(7271, 1143952693),
(288, 1143984731),
(746, 1143984731),
(1204, 1143984731),
(1662, 1143984731),
(2120, 1143984731),
(2578, 1143984731),
(3036, 1143984731),
(3494, 1143984731),
(3952, 1143984731),
(4410, 1143984731),
(4868, 1143984731),
(5326, 1143984731),
(5784, 1143984731),
(6242, 1143984731),
(6700, 1143984731),
(7158, 1143984731),
(420, 1144056523),
(878, 1144056523),
(1336, 1144056523),
(1794, 1144056523),
(2252, 1144056523),
(2710, 1144056523),
(3168, 1144056523),
(3626, 1144056523),
(4084, 1144056523),
(4542, 1144056523),
(5000, 1144056523),
(5458, 1144056523),
(5916, 1144056523),
(6374, 1144056523),
(6832, 1144056523),
(7290, 1144056523),
(278, 1144058332),
(736, 1144058332),
(1194, 1144058332),
(1652, 1144058332),
(2110, 1144058332),
(2568, 1144058332),
(3026, 1144058332),
(3484, 1144058332),
(3942, 1144058332),
(4400, 1144058332),
(4858, 1144058332),
(5316, 1144058332),
(5774, 1144058332),
(6232, 1144058332),
(6690, 1144058332),
(7148, 1144058332),
(7606, 1144058332),
(452, 1144059570),
(910, 1144059570),
(1368, 1144059570),
(1826, 1144059570),
(2284, 1144059570),
(2742, 1144059570),
(3200, 1144059570),
(3658, 1144059570),
(4116, 1144059570),
(4574, 1144059570),
(5032, 1144059570),
(5490, 1144059570),
(5948, 1144059570),
(6406, 1144059570),
(6864, 1144059570),
(7322, 1144059570),
(279, 1144128109),
(737, 1144128109),
(1195, 1144128109),
(1653, 1144128109),
(2111, 1144128109),
(2569, 1144128109),
(3027, 1144128109),
(3485, 1144128109),
(3943, 1144128109),
(4401, 1144128109),
(4859, 1144128109),
(5317, 1144128109),
(5775, 1144128109),
(6233, 1144128109),
(6691, 1144128109),
(7149, 1144128109),
(7607, 1144128109),
(293, 1144129169),
(751, 1144129169),
(1209, 1144129169),
(1667, 1144129169),
(2125, 1144129169),
(2583, 1144129169),
(3041, 1144129169),
(3499, 1144129169),
(3957, 1144129169),
(4415, 1144129169),
(4873, 1144129169),
(5331, 1144129169),
(5789, 1144129169),
(6247, 1144129169),
(6705, 1144129169),
(7163, 1144129169),
(408, 1144129241),
(866, 1144129241),
(1324, 1144129241),
(1782, 1144129241),
(2240, 1144129241),
(2698, 1144129241),
(3156, 1144129241),
(3614, 1144129241),
(4072, 1144129241),
(4530, 1144129241),
(4988, 1144129241),
(5446, 1144129241),
(5904, 1144129241),
(6362, 1144129241),
(6820, 1144129241),
(7278, 1144129241),
(259, 1144136114),
(717, 1144136114),
(1175, 1144136114),
(1633, 1144136114),
(2091, 1144136114),
(2549, 1144136114),
(3007, 1144136114),
(3465, 1144136114),
(3923, 1144136114),
(4381, 1144136114),
(4839, 1144136114),
(5297, 1144136114),
(5755, 1144136114),
(6213, 1144136114),
(6671, 1144136114),
(7129, 1144136114),
(7587, 1144136114),
(429, 1144139744),
(887, 1144139744),
(1345, 1144139744),
(1803, 1144139744),
(2261, 1144139744),
(2719, 1144139744),
(3177, 1144139744),
(3635, 1144139744),
(4093, 1144139744),
(4551, 1144139744),
(5009, 1144139744),
(5467, 1144139744),
(5925, 1144139744),
(6383, 1144139744),
(6841, 1144139744),
(7299, 1144139744),
(186, 1150937847),
(644, 1150937847),
(1102, 1150937847),
(1560, 1150937847),
(2018, 1150937847),
(2476, 1150937847),
(2934, 1150937847),
(3392, 1150937847),
(3850, 1150937847),
(4308, 1150937847),
(4766, 1150937847),
(5224, 1150937847),
(5682, 1150937847),
(6140, 1150937847),
(6598, 1150937847),
(7056, 1150937847),
(7514, 1150937847),
(57, 1151948801),
(515, 1151948801),
(973, 1151948801),
(1431, 1151948801),
(1889, 1151948801),
(2347, 1151948801),
(2805, 1151948801),
(3263, 1151948801),
(3721, 1151948801),
(4179, 1151948801),
(4637, 1151948801),
(5095, 1151948801),
(5553, 1151948801),
(6011, 1151948801),
(6469, 1151948801),
(6927, 1151948801),
(7385, 1151948801),
(240, 1151948884),
(698, 1151948884),
(1156, 1151948884),
(1614, 1151948884),
(2072, 1151948884),
(2530, 1151948884),
(2988, 1151948884),
(3446, 1151948884),
(3904, 1151948884),
(4362, 1151948884),
(4820, 1151948884),
(5278, 1151948884),
(5736, 1151948884),
(6194, 1151948884),
(6652, 1151948884),
(7110, 1151948884),
(7568, 1151948884),
(245, 1151950747),
(703, 1151950747),
(1161, 1151950747),
(1619, 1151950747),
(2077, 1151950747),
(2535, 1151950747),
(2993, 1151950747),
(3451, 1151950747),
(3909, 1151950747),
(4367, 1151950747),
(4825, 1151950747),
(5283, 1151950747),
(5741, 1151950747),
(6199, 1151950747),
(6657, 1151950747),
(7115, 1151950747),
(7573, 1151950747),
(458, 1151951095),
(916, 1151951095),
(1374, 1151951095),
(1832, 1151951095),
(2290, 1151951095),
(2748, 1151951095),
(3206, 1151951095),
(3664, 1151951095),
(4122, 1151951095),
(4580, 1151951095),
(5038, 1151951095),
(5496, 1151951095),
(5954, 1151951095),
(6412, 1151951095),
(6870, 1151951095),
(7328, 1151951095),
(212, 1152194683),
(670, 1152194683),
(1128, 1152194683),
(1586, 1152194683),
(2044, 1152194683),
(2502, 1152194683),
(2960, 1152194683),
(3418, 1152194683),
(3876, 1152194683),
(4334, 1152194683),
(4792, 1152194683),
(5250, 1152194683),
(5708, 1152194683),
(6166, 1152194683),
(6624, 1152194683),
(7082, 1152194683),
(7540, 1152194683),
(251, 1193425478),
(709, 1193425478),
(1167, 1193425478),
(1625, 1193425478),
(2083, 1193425478),
(2541, 1193425478),
(2999, 1193425478),
(3457, 1193425478),
(3915, 1193425478),
(4373, 1193425478),
(4831, 1193425478),
(5289, 1193425478),
(5747, 1193425478),
(6205, 1193425478),
(6663, 1193425478),
(7121, 1193425478),
(7579, 1193425478),
(125, 1232593630),
(583, 1232593630),
(1041, 1232593630),
(1499, 1232593630),
(1957, 1232593630),
(2415, 1232593630),
(2873, 1232593630),
(3331, 1232593630),
(3789, 1232593630),
(4247, 1232593630),
(4705, 1232593630),
(5163, 1232593630),
(5621, 1232593630),
(6079, 1232593630),
(6537, 1232593630),
(6995, 1232593630),
(7453, 1232593630),
(16, 2147483647),
(17, 2147483647),
(118, 2147483647),
(192, 2147483647),
(195, 2147483647),
(418, 2147483647),
(421, 2147483647),
(474, 2147483647),
(475, 2147483647),
(576, 2147483647),
(650, 2147483647),
(653, 2147483647),
(876, 2147483647),
(879, 2147483647),
(932, 2147483647),
(933, 2147483647),
(1034, 2147483647),
(1108, 2147483647),
(1111, 2147483647),
(1334, 2147483647),
(1337, 2147483647),
(1390, 2147483647),
(1391, 2147483647),
(1492, 2147483647),
(1566, 2147483647),
(1569, 2147483647),
(1792, 2147483647),
(1795, 2147483647),
(1848, 2147483647),
(1849, 2147483647),
(1950, 2147483647),
(2024, 2147483647),
(2027, 2147483647),
(2250, 2147483647),
(2253, 2147483647),
(2306, 2147483647),
(2307, 2147483647),
(2408, 2147483647),
(2482, 2147483647),
(2485, 2147483647),
(2708, 2147483647),
(2711, 2147483647),
(2764, 2147483647),
(2765, 2147483647),
(2866, 2147483647),
(2940, 2147483647),
(2943, 2147483647),
(3166, 2147483647),
(3169, 2147483647),
(3222, 2147483647),
(3223, 2147483647),
(3324, 2147483647),
(3398, 2147483647),
(3401, 2147483647),
(3624, 2147483647),
(3627, 2147483647),
(3680, 2147483647),
(3681, 2147483647),
(3782, 2147483647),
(3856, 2147483647),
(3859, 2147483647),
(4082, 2147483647),
(4085, 2147483647),
(4138, 2147483647),
(4139, 2147483647),
(4240, 2147483647),
(4314, 2147483647),
(4317, 2147483647),
(4540, 2147483647),
(4543, 2147483647),
(4596, 2147483647),
(4597, 2147483647),
(4698, 2147483647),
(4772, 2147483647),
(4775, 2147483647),
(4998, 2147483647),
(5001, 2147483647),
(5054, 2147483647),
(5055, 2147483647),
(5156, 2147483647),
(5230, 2147483647),
(5233, 2147483647),
(5456, 2147483647),
(5459, 2147483647),
(5512, 2147483647),
(5513, 2147483647),
(5614, 2147483647),
(5688, 2147483647),
(5691, 2147483647),
(5914, 2147483647),
(5917, 2147483647),
(5970, 2147483647),
(5971, 2147483647),
(6072, 2147483647),
(6146, 2147483647),
(6149, 2147483647),
(6372, 2147483647),
(6375, 2147483647),
(6428, 2147483647),
(6429, 2147483647),
(6530, 2147483647),
(6604, 2147483647),
(6607, 2147483647),
(6830, 2147483647),
(6833, 2147483647),
(6886, 2147483647),
(6887, 2147483647),
(6988, 2147483647),
(7062, 2147483647),
(7065, 2147483647),
(7288, 2147483647),
(7291, 2147483647),
(7344, 2147483647),
(7345, 2147483647),
(7446, 2147483647),
(7520, 2147483647),
(7523, 2147483647);

-- --------------------------------------------------------

--
-- Estructura de tabla para la tabla `premios`
--

CREATE TABLE `premios` (
  `id` int(3) NOT NULL,
  `nombre_premio` varchar(45) NOT NULL,
  `estado` varchar(10) NOT NULL
) ENGINE=InnoDB DEFAULT CHARSET=utf8mb4;

--
-- Volcado de datos para la tabla `premios`
--

INSERT INTO `premios` (`id`, `nombre_premio`, `estado`) VALUES
(66, 'NEVERA', 'inactivo'),
(67, 'LAVADORA', 'inactivo'),
(68, 'TELEVISOR 40 P', 'inactivo'),
(69, 'ARROCERA 1', 'activo'),
(70, 'ARROCERA 2', 'activo'),
(71, 'ARROCERA 3', 'inactivo'),
(72, 'ARROCERA 4', 'activo'),
(73, 'ARROCERA 5', 'activo'),
(74, 'ARROCERA 6', 'activo'),
(75, 'SANDUCHERA 1', 'activo'),
(76, 'SANDUCHERA 2', 'activo'),
(77, 'SANDUCHERA 3', 'activo'),
(78, 'SANDUCHERA 4', 'activo'),
(79, 'SANDUCHERA 5', 'activo'),
(80, 'SANDUCHERA 6', 'activo'),
(81, 'PICATODO 1', 'activo'),
(82, 'PICATODO 2', 'activo'),
(83, 'PICATODO 3', 'activo'),
(84, 'PICATODO 4', 'activo'),
(85, 'PICATODO 5', 'activo'),
(86, 'PICATODO 6', 'activo'),
(87, 'BARRA DE SONIDO 1', 'activo'),
(88, 'BARRA DE SONIDO 1', 'activo'),
(89, 'BARRA DE SONIDO 1', 'activo'),
(90, 'BARRA DE SONIDO 1', 'activo'),
(91, 'BARRA DE SONIDO 1', 'activo'),
(92, 'HORNO TOSTADOR', 'activo');

--
-- Índices para tablas volcadas
--

--
-- Indices de la tabla `asesores`
--
ALTER TABLE `asesores`
  ADD PRIMARY KEY (`cedula`);

--
-- Indices de la tabla `ganadores`
--
ALTER TABLE `ganadores`
  ADD PRIMARY KEY (`id`),
  ADD KEY `id_cedula` (`id_cedula`),
  ADD KEY `id_premio` (`id_premio`);

--
-- Indices de la tabla `numeros`
--
ALTER TABLE `numeros`
  ADD PRIMARY KEY (`numero`),
  ADD KEY `id_cedula` (`id_cedula`);

--
-- Indices de la tabla `premios`
--
ALTER TABLE `premios`
  ADD PRIMARY KEY (`id`);

--
-- AUTO_INCREMENT de las tablas volcadas
--

--
-- AUTO_INCREMENT de la tabla `ganadores`
--
ALTER TABLE `ganadores`
  MODIFY `id` int(10) NOT NULL AUTO_INCREMENT, AUTO_INCREMENT=16;

--
-- Restricciones para tablas volcadas
--

--
-- Filtros para la tabla `ganadores`
--
ALTER TABLE `ganadores`
  ADD CONSTRAINT `ganadores_ibfk_1` FOREIGN KEY (`id_cedula`) REFERENCES `asesores` (`cedula`),
  ADD CONSTRAINT `ganadores_ibfk_2` FOREIGN KEY (`id_premio`) REFERENCES `premios` (`id`);

--
-- Filtros para la tabla `numeros`
--
ALTER TABLE `numeros`
  ADD CONSTRAINT `numeros_ibfk_1` FOREIGN KEY (`id_cedula`) REFERENCES `asesores` (`cedula`);
COMMIT;

/*!40101 SET CHARACTER_SET_CLIENT=@OLD_CHARACTER_SET_CLIENT */;
/*!40101 SET CHARACTER_SET_RESULTS=@OLD_CHARACTER_SET_RESULTS */;
/*!40101 SET COLLATION_CONNECTION=@OLD_COLLATION_CONNECTION */;
